algorithm,parameters,count,k-nn,epsilon,largeepsilon,rel,qps,p50,p95,p99,p999,distcomps,build,candidates,indexsize,queriessize,dataset
faiss-ivf,"FaissIVF(n_list=32, n_probe=1)",10,0.61566,0.65706,0.9206,0.0904183709596538,899.9765130450445,1.0883808135986328,1.8165946006774891,2.248780727386475,2.7885687351226855,41753.55636,0.8922519683837891,10.0,647100.0,719.0187639570236,glove-100-angular
faiss-ivf,"FaissIVF(n_list=32, n_probe=10)",10,0.96234,0.98328,0.99975,0.08600545678101373,98.08688980365524,10.385870933532715,15.174150466918945,17.507653236389164,20.06079363822942,395743.1182,0.8922519683837891,10.0,647100.0,6597.211934187413,glove-100-angular
faiss-ivf,"FaissIVF(n_list=32, n_probe=100)",10,1.0,1.0,1.0,0.08574169233209256,33.67228488936145,29.76357936859131,38.36522102355957,44.277801513671875,49.422832727432315,1183546.0,0.8922519683837891,10.0,647100.0,19217.585088930133,glove-100-angular
faiss-ivf,"FaissIVF(n_list=32, n_probe=200)",10,1.0,1.0,1.0,0.08574169233318513,33.675142163491856,29.359817504882812,34.649538993835435,40.03460168838501,46.787368535995505,1183546.0,0.8922519683837891,10.0,647100.0,19215.95451203585,glove-100-angular
faiss-ivf,"FaissIVF(n_list=32, n_probe=5)",10,0.89305,0.9309499999999999,0.99755,0.08656231255437764,194.57568524192732,5.198836326599121,7.68977403640747,9.267871379852297,10.770330905914308,199100.6075,0.8922519683837891,10.0,647100.0,3325.6981682753567,glove-100-angular
faiss-ivf,"FaissIVF(n_list=32, n_probe=50)",10,1.0,1.0,1.0,0.08574169233318513,33.81136927461128,30.284523963928223,40.71253538131712,46.572570800781264,54.257033824920676,1183546.0,0.8922519683837891,10.0,647100.0,19138.5328036952,glove-100-angular
faiss-ivf,"FaissIVF(n_list=8192, n_probe=1)",10,0.29855,0.32025000000000003,0.60961,0.09816853371233333,6433.197679492609,0.1423358917236328,0.24772882461547835,0.38790941238403326,0.7796323299407967,8371.4497,360.0067081451416,10.0,653628.0,101.6023496500969,glove-100-angular
faiss-ivf,"FaissIVF(n_list=8192, n_probe=10)",10,0.63495,0.67707,0.9611700000000001,0.08927982533732459,4934.932791416428,0.18835067749023438,0.27753114700317366,0.4890131950378422,0.9634556770324719,9839.7727,360.0067081451416,10.0,653628.0,132.44922020759583,glove-100-angular
faiss-ivf,"FaissIVF(n_list=8192, n_probe=100)",10,0.85542,0.89635,0.99986,0.0866677539321092,1519.640179345123,0.6339550018310547,1.0082840919494627,1.316578388214112,2.018462181091311,22571.7339,360.0067081451416,10.0,653628.0,430.1202408860207,glove-100-angular
faiss-ivf,"FaissIVF(n_list=8192, n_probe=200)",10,0.90242,0.9390599999999999,0.99997,0.08631053994753282,896.7163085245905,1.0833740234375,1.5695452690124507,1.9992280006408711,3.8293707370758323,35734.1452,360.0067081451416,10.0,653628.0,728.9128052945138,glove-100-angular
faiss-ivf,"FaissIVF(n_list=8192, n_probe=5)",10,0.54574,0.58384,0.9055899999999999,0.09086049889748146,5600.111833898355,0.1628398895263672,0.2551078796386719,0.45093536376953314,1.2749314308166722,9044.1237,360.0067081451416,10.0,653628.0,116.71695483713151,glove-100-angular
faiss-ivf,"FaissIVF(n_list=8192, n_probe=50)",10,0.8013,0.84494,0.99908,0.08716764569674519,2444.8386109613393,0.3864765167236328,0.5879402160644531,0.8418583869934082,1.3094174861908006,15705.4101,360.0067081451416,10.0,653628.0,267.3501625299454,glove-100-angular
flann,FLANN(target_precision=0.970000),10,0.96997,0.98898,0.9999800000000001,0.0859102299599801,36.474165296745355,26.25107765197754,36.37689352035522,40.472798347473145,46.002327442169225,0.0,5791.00695681572,10.0,610780.0,16745.5511327219,glove-100-angular
hnsw(faiss),"faiss ({'M': 12, 'efConstruction': 500}, ef: 10)",10,0.30973,0.33195,0.60926,0.09984738701335955,10691.537346422252,0.09179115295410156,0.12637376785278304,0.18286705017089844,0.32091999053955256,0.0,1524.2641644477844,10.0,728572.0,68.14473694410324,glove-100-angular
hnsw(faiss),"faiss ({'M': 12, 'efConstruction': 500}, ef: 120)",10,0.82101,0.8603999999999999,0.99658,0.08712801008439842,2743.203786628747,0.35881996154785156,0.47733783721923795,0.6227564811706544,0.8626503944397078,0.0,1524.2641644477844,10.0,728572.0,265.5916427176476,glove-100-angular
hnsw(faiss),"faiss ({'M': 12, 'efConstruction': 500}, ef: 20)",10,0.49698000000000003,0.53067,0.82164,0.09329202814585898,8353.380125335436,0.11467933654785156,0.1480579376220703,0.2338886260986328,0.3473761081695557,0.0,1524.2641644477844,10.0,728572.0,87.2188250825882,glove-100-angular
hnsw(faiss),"faiss ({'M': 12, 'efConstruction': 500}, ef: 200)",10,0.8670899999999999,0.90432,0.9994999999999999,0.08666536061183953,1763.6044082205256,0.5733966827392578,0.7979869842529297,0.9462857246398926,1.1677775382995612,0.0,1524.2641644477844,10.0,728572.0,413.11532030878067,glove-100-angular
hnsw(faiss),"faiss ({'M': 12, 'efConstruction': 500}, ef: 40)",10,0.65654,0.6965399999999999,0.9416499999999999,0.08961337869743484,5886.8176421621665,0.164031982421875,0.20766258239746094,0.31423807144165045,0.4289171695709233,0.0,1524.2641644477844,10.0,728572.0,123.7633037554741,glove-100-angular
hnsw(faiss),"faiss ({'M': 12, 'efConstruction': 500}, ef: 400)",10,0.91341,0.94604,0.9999399999999999,0.08629290367621761,930.2619790716428,1.0700225830078125,1.3752102851867674,1.5442371368408203,1.7762262821197525,0.0,1524.2641644477844,10.0,728572.0,783.1901296525955,glove-100-angular
hnsw(faiss),"faiss ({'M': 12, 'efConstruction': 500}, ef: 600)",10,0.93361,0.96343,1.0,0.08615464770931305,609.2753546472929,1.6683340072631836,2.1011948585510254,2.3153257369995126,2.8720688819885414,0.0,1524.2641644477844,10.0,728572.0,1195.800871383953,glove-100-angular
hnsw(faiss),"faiss ({'M': 12, 'efConstruction': 500}, ef: 80)",10,0.7727,0.81318,0.98891,0.08771636239277131,3780.6641786759856,0.2675056457519531,0.33974647521972656,0.46015262603759777,0.5860373973846444,0.0,1524.2641644477844,10.0,728572.0,192.7100545214653,glove-100-angular
hnsw(faiss),"faiss ({'M': 12, 'efConstruction': 500}, ef: 800)",10,0.94601,0.97303,1.0,0.08608122644897406,430.3454098580309,2.449512481689453,3.0939698219299316,3.361716270446778,3.894100904464724,0.0,1524.2641644477844,10.0,728572.0,1692.9935426529883,glove-100-angular
hnsw(faiss),"faiss ({'M': 16, 'efConstruction': 500}, ef: 10)",10,0.37142,0.39875,0.71088,0.09632515324371006,9439.262053541086,0.10037422180175781,0.14066696166992188,0.23842334747314464,0.37241482734680276,0.0,1896.9677863121033,10.0,778264.0,82.44966561851503,glove-100-angular
hnsw(faiss),"faiss ({'M': 16, 'efConstruction': 500}, ef: 120)",10,0.85749,0.8960000000000001,0.9996,0.08670393058658986,2227.859041878643,0.43582916259765625,0.6020307540893551,0.737435817718506,0.9861001968383791,0.0,1896.9677863121033,10.0,778264.0,349.3326935728073,glove-100-angular
hnsw(faiss),"faiss ({'M': 16, 'efConstruction': 500}, ef: 20)",10,0.56136,0.59975,0.89365,0.0911161752222363,7199.643099357315,0.1392364501953125,0.19478797912597656,0.31472444534301786,0.4572906494140633,0.0,1896.9677863121033,10.0,778264.0,108.0975805688858,glove-100-angular
hnsw(faiss),"faiss ({'M': 16, 'efConstruction': 500}, ef: 200)",10,0.89922,0.9345800000000001,0.99997,0.08635915483697333,1509.7820776371298,0.67138671875,0.9117245674133299,1.0979294776916506,1.3964188098907473,0.0,1896.9677863121033,10.0,778264.0,515.4810164510727,glove-100-angular
hnsw(faiss),"faiss ({'M': 16, 'efConstruction': 500}, ef: 40)",10,0.7117600000000001,0.7539,0.9767699999999999,0.08839683430822064,5056.5755311310095,0.18930435180664062,0.25725364685058594,0.3855276107788087,0.5433609485626231,0.0,1896.9677863121033,10.0,778264.0,153.911277545166,glove-100-angular
hnsw(faiss),"faiss ({'M': 16, 'efConstruction': 500}, ef: 400)",10,0.9402799999999999,0.96867,1.0,0.08607729847610346,770.99535270922,1.2972354888916016,1.7032623291015625,1.9328808784484868,2.3567905426025435,0.0,1896.9677863121033,10.0,778264.0,1009.4276149204253,glove-100-angular
hnsw(faiss),"faiss ({'M': 16, 'efConstruction': 500}, ef: 600)",10,0.9582499999999999,0.9819599999999999,1.0,0.08596856750076813,502.9730339173042,1.9730329513549805,2.528464794158935,2.825744152069092,3.3094892501831055,0.0,1896.9677863121033,10.0,778264.0,1547.3274858070374,glove-100-angular
hnsw(faiss),"faiss ({'M': 16, 'efConstruction': 500}, ef: 80)",10,0.8153600000000001,0.8556699999999999,0.9974299999999999,0.08711341404060256,3233.9972879261827,0.2994537353515625,0.3981709480285643,0.5211853981018066,0.6985731124877943,0.0,1896.9677863121033,10.0,778264.0,240.65078932056426,glove-100-angular
hnsw(faiss),"faiss ({'M': 16, 'efConstruction': 500}, ef: 800)",10,0.96822,0.9881399999999999,1.0,0.08591186662203483,371.08503362570605,2.735733985900879,3.500723838806152,3.8650059700012207,4.454629182815555,0.0,1896.9677863121033,10.0,778264.0,2097.2659349689484,glove-100-angular
hnsw(faiss),"faiss ({'M': 24, 'efConstruction': 500}, ef: 10)",10,0.43301,0.46502,0.80916,0.09351659036272172,8318.456790196911,0.11587142944335938,0.15234947204589844,0.22840976715087902,0.3633508682250979,0.0,2554.143201828003,10.0,855500.0,102.84359486103058,glove-100-angular
hnsw(faiss),"faiss ({'M': 24, 'efConstruction': 500}, ef: 120)",10,0.89444,0.93073,0.99997,0.08635372788404803,1843.7754866232003,0.5598068237304688,0.7782101631164549,0.9193515777587893,1.142776727676399,0.0,2554.143201828003,10.0,855500.0,463.99358609914776,glove-100-angular
hnsw(faiss),"faiss ({'M': 24, 'efConstruction': 500}, ef: 20)",10,0.62501,0.66791,0.95342,0.08946023684145762,6322.134791288205,0.156402587890625,0.21123886108398438,0.31522512435913164,0.4377424716949475,0.0,2554.143201828003,10.0,855500.0,135.31821579933168,glove-100-angular
hnsw(faiss),"faiss ({'M': 24, 'efConstruction': 500}, ef: 200)",10,0.93191,0.96247,1.0,0.0861015650774367,1201.507235147515,0.8344650268554688,1.107931137084961,1.2677001953125007,1.5118145942687993,0.0,2554.143201828003,10.0,855500.0,712.0223457455635,glove-100-angular
hnsw(faiss),"faiss ({'M': 24, 'efConstruction': 500}, ef: 40)",10,0.76483,0.8084199999999999,0.9950699999999999,0.08752549137104175,4330.4556921903095,0.23174285888671875,0.3008842468261719,0.41890621185302745,0.5698223114013676,0.0,2554.143201828003,10.0,855500.0,197.5542669892311,glove-100-angular
hnsw(faiss),"faiss ({'M': 24, 'efConstruction': 500}, ef: 400)",10,0.9674699999999999,0.9880599999999999,1.0,0.08590443643716468,633.400040393315,1.619577407836914,2.110731601715088,2.3463177680969247,2.7025194168090914,0.0,2554.143201828003,10.0,855500.0,1350.647214150429,glove-100-angular
hnsw(faiss),"faiss ({'M': 24, 'efConstruction': 500}, ef: 600)",10,0.98095,0.99476,1.0,0.08584050640075049,416.97914639003153,2.4788379669189453,3.1652808189392085,3.4873580932617188,3.8516654968261745,0.0,2554.143201828003,10.0,855500.0,2051.661353826523,glove-100-angular
hnsw(faiss),"faiss ({'M': 24, 'efConstruction': 500}, ef: 80)",10,0.85666,0.8957,0.9997400000000001,0.08664630133749486,2549.0828494590037,0.3871917724609375,0.5092740058898924,0.6299209594726567,0.8228001594543493,0.0,2554.143201828003,10.0,855500.0,335.6109042048454,glove-100-angular
hnsw(faiss),"faiss ({'M': 24, 'efConstruction': 500}, ef: 800)",10,0.98727,0.9972899999999999,1.0,0.08580782225409998,306.5840161252966,3.286123275756836,4.151356220245361,4.582986831665042,5.121271610260018,0.0,2554.143201828003,10.0,855500.0,2790.4259680986406,glove-100-angular
hnsw(faiss),"faiss ({'M': 36, 'efConstruction': 500}, ef: 10)",10,0.48994,0.52676,0.8758800000000001,0.0918133117461293,7340.721477264752,0.1304149627685547,0.17334222793579085,0.2973175048828127,0.4313001632690432,0.0,3130.833732366562,10.0,965504.0,131.52712618103027,glove-100-angular
hnsw(faiss),"faiss ({'M': 36, 'efConstruction': 500}, ef: 120)",10,0.92181,0.95631,1.0,0.0861453461488007,1410.5453050691842,0.7054805755615234,0.9694099426269531,1.117234230041504,1.3372969627380387,0.0,3130.833732366562,10.0,965504.0,684.4898894989013,glove-100-angular
hnsw(faiss),"faiss ({'M': 36, 'efConstruction': 500}, ef: 20)",10,0.67289,0.71709,0.9784200000000001,0.08861307676030743,5168.757434017472,0.19598007202148438,0.28824806213378906,0.4194092750549323,0.5958261489868201,0.0,3130.833732366562,10.0,965504.0,186.79615213623046,glove-100-angular
hnsw(faiss),"faiss ({'M': 36, 'efConstruction': 500}, ef: 200)",10,0.95534,0.98139,1.0,0.08595506689744183,914.3294623929694,1.1347532272338867,1.593387126922607,1.8227100372314453,2.3658514022827197,0.0,3130.833732366562,10.0,965504.0,1055.9694723968507,glove-100-angular
hnsw(faiss),"faiss ({'M': 36, 'efConstruction': 500}, ef: 40)",10,0.79952,0.84405,0.99835,0.08710509968320786,3419.027538947311,0.29087066650390625,0.385284423828125,0.47066211700439503,0.6163127422332765,0.0,3130.833732366562,10.0,965504.0,282.3914077911377,glove-100-angular
hnsw(faiss),"faiss ({'M': 36, 'efConstruction': 500}, ef: 400)",10,0.9823600000000001,0.99526,1.0,0.08582257048015593,484.3044426989399,2.0897388458251953,2.8438925743103023,3.180074691772462,3.720798969268807,0.0,3130.833732366562,10.0,965504.0,1993.5889801452638,glove-100-angular
hnsw(faiss),"faiss ({'M': 36, 'efConstruction': 500}, ef: 600)",10,0.99121,0.9982,1.0,0.08578300619705949,331.202750075447,3.0591487884521484,4.080533981323242,4.476327896118164,5.137444972991943,0.0,3130.833732366562,10.0,965504.0,2915.1448766052245,glove-100-angular
hnsw(faiss),"faiss ({'M': 36, 'efConstruction': 500}, ef: 80)",10,0.8858,0.92519,1.0,0.08638177298814981,2001.022575327863,0.5097389221191406,0.7364869117736814,0.8912158012390138,1.1553821563720714,0.0,3130.833732366562,10.0,965504.0,482.50530099182134,glove-100-angular
hnsw(faiss),"faiss ({'M': 36, 'efConstruction': 500}, ef: 800)",10,0.99482,0.9991300000000001,1.0,0.08576515045877588,246.53652311700466,4.130959510803223,5.456256866455077,6.122155189514161,6.71864724159241,0.0,3130.833732366562,10.0,965504.0,3916.271665524292,glove-100-angular
hnsw(faiss),"faiss ({'M': 4, 'efConstruction': 500}, ef: 10)",10,0.07975,0.08544,0.18885000000000002,0.12214007297608562,13442.756405038008,0.06985664367675781,0.10251998901367188,0.1778769493103031,0.34141659736633323,0.0,855.4857003688812,10.0,655356.0,48.751608691978454,glove-100-angular
hnsw(faiss),"faiss ({'M': 4, 'efConstruction': 500}, ef: 120)",10,0.46253,0.49379,0.73749,0.09690784286818657,4325.905842354954,0.23865699768066406,0.30612945556640625,0.4007887840270998,0.564098596572876,0.0,855.4857003688812,10.0,655356.0,151.49566908817292,glove-100-angular
hnsw(faiss),"faiss ({'M': 4, 'efConstruction': 500}, ef: 20)",10,0.15819,0.16951,0.33175,0.11371471721780749,11310.477613268487,0.08416175842285156,0.11777877807617188,0.21888494491577185,0.3418986797332777,0.0,855.4857003688812,10.0,655356.0,57.94238072061539,glove-100-angular
hnsw(faiss),"faiss ({'M': 4, 'efConstruction': 500}, ef: 200)",10,0.55751,0.5941,0.83911,0.0935079394827716,2841.602379564493,0.35071372985839844,0.45682191848754866,0.5807924270629884,0.7357780933380165,0.0,855.4857003688812,10.0,655356.0,230.6290298435211,glove-100-angular
hnsw(faiss),"faiss ({'M': 4, 'efConstruction': 500}, ef: 40)",10,0.26366999999999996,0.2823,0.49248000000000003,0.10639865999385614,8534.144174261348,0.11181831359863281,0.1468658447265625,0.2386760711669926,0.38457226753234924,0.0,855.4857003688812,10.0,655356.0,76.7922344195366,glove-100-angular
hnsw(faiss),"faiss ({'M': 4, 'efConstruction': 500}, ef: 400)",10,0.67272,0.71445,0.9369999999999999,0.09013833247151341,1462.6783891923922,0.6804466247558594,0.8633136749267578,0.9951615333557129,1.184472322463991,0.0,855.4857003688812,10.0,655356.0,448.0520152908325,glove-100-angular
hnsw(faiss),"faiss ({'M': 4, 'efConstruction': 500}, ef: 600)",10,0.7271799999999999,0.77159,0.96987,0.0888502806566211,912.7588321024351,1.074075698852539,1.3492107391357422,1.5347123146057131,1.785522460937501,0.0,855.4857003688812,10.0,655356.0,717.9946958064079,glove-100-angular
hnsw(faiss),"faiss ({'M': 4, 'efConstruction': 500}, ef: 80)",10,0.38599,0.41361,0.64998,0.1001285121170766,5770.257756644018,0.17261505126953125,0.2193450927734375,0.3287959098815922,0.472550630569459,0.0,855.4857003688812,10.0,655356.0,113.57482241506575,glove-100-angular
hnsw(faiss),"faiss ({'M': 4, 'efConstruction': 500}, ef: 800)",10,0.75878,0.80421,0.98424,0.08820368224852504,640.7269478180697,1.5382766723632812,1.8706440925598142,2.0570802688598633,2.258306741714479,0.0,855.4857003688812,10.0,655356.0,1022.8319602160453,glove-100-angular
hnsw(nmslib),"Nmslib(method_name=hnsw, index_param=['M=12', 'efConstruction=800', 'post=0'])",10,0.07887,0.08351,0.16157,inf,57754.56502012451,0.016689300537109375,0.07128715515136719,0.13566255569458013,0.3810081481933625,0.0,3284.8904716968536,4.216,1657240.0,28.694528292655942,glove-100-angular
hnsw(nmslib),"Nmslib(method_name=hnsw, index_param=['M=12', 'efConstruction=800', 'post=0'])",10,0.43640999999999996,0.46773999999999993,0.7559,0.09540631245232796,20193.893547281292,0.03981590270996094,0.11636018753051741,0.20885467529296875,0.4859006404876716,0.0,3284.8904716968536,10.0,1657240.0,82.06639279937744,glove-100-angular
hnsw(nmslib),"Nmslib(method_name=hnsw, index_param=['M=12', 'efConstruction=800', 'post=0'])",10,0.51387,0.5500700000000001,0.83452,0.09295778941594947,23973.5338565899,0.03981590270996094,0.0743865966796875,0.1163482666015625,0.3862497806549096,0.0,3284.8904716968536,10.0,1657240.0,69.12789786911011,glove-100-angular
hnsw(nmslib),"Nmslib(method_name=hnsw, index_param=['M=12', 'efConstruction=800', 'post=0'])",10,0.15814999999999999,0.1683,0.34238,0.11094184555404131,39167.256529737504,0.0209808349609375,0.06152391433715803,0.12040138244628906,0.29826617240905856,0.0,3284.8904716968536,10.0,1657240.0,42.31187340736389,glove-100-angular
hnsw(nmslib),"Nmslib(method_name=hnsw, index_param=['M=12', 'efConstruction=800', 'post=0'])",10,0.56753,0.60631,0.8808299999999999,0.0914781533071734,21025.840258307337,0.043392181396484375,0.07987022399902344,0.12779474258422857,0.28181290626525923,0.0,3284.8904716968536,10.0,1657240.0,78.81920435237885,glove-100-angular
hnsw(nmslib),"Nmslib(method_name=hnsw, index_param=['M=12', 'efConstruction=800', 'post=0'])",10,0.63511,0.67664,0.9294499999999999,0.08995513303214926,15720.814964351495,0.05936622619628906,0.11014938354492188,0.15735864639282232,0.4312996864318849,0.0,3284.8904716968536,10.0,1657240.0,105.41692677879333,glove-100-angular
hnsw(nmslib),"Nmslib(method_name=hnsw, index_param=['M=12', 'efConstruction=800', 'post=0'])",10,0.6796599999999999,0.7221,0.95479,0.08910373161728499,13252.120217149666,0.0705718994140625,0.12184381484985335,0.1969504356384281,0.39149785041809376,0.0,3284.8904716968536,10.0,1657240.0,125.05470617866517,glove-100-angular
hnsw(nmslib),"Nmslib(method_name=hnsw, index_param=['M=12', 'efConstruction=800', 'post=0'])",10,0.29973,0.32079,0.58521,0.1012845978755155,25800.38445568764,0.030994415283203125,0.08894205093383772,0.1740479469299317,0.46730256080627486,0.0,3284.8904716968536,10.0,1657240.0,64.23315136432647,glove-100-angular
hnsw(nmslib),"Nmslib(method_name=hnsw, index_param=['M=12', 'efConstruction=800', 'post=0'])",10,0.7114499999999999,0.75363,0.96983,0.08855602669222061,11225.095288638533,0.08153915405273438,0.1392364501953125,0.21696329116821295,0.4625451564788845,0.0,3284.8904716968536,10.0,1657240.0,147.637054063797,glove-100-angular
hnsw(nmslib),"Nmslib(method_name=hnsw, index_param=['M=12', 'efConstruction=800', 'post=0'])",10,0.75468,0.7968,0.98497,0.08789857419663491,8867.31908830102,0.1049041748046875,0.17333030700683594,0.2565693855285651,0.5695939064025903,0.0,3284.8904716968536,10.0,1657240.0,186.89301506996154,glove-100-angular
hnsw(nmslib),"Nmslib(method_name=hnsw, index_param=['M=12', 'efConstruction=800', 'post=0'])",10,0.7705599999999999,0.81257,0.9890700000000001,0.08767698091955867,7826.604570898411,0.118255615234375,0.20052194595336897,0.31662225723266607,0.647070169448853,0.0,3284.8904716968536,10.0,1657240.0,211.74443974876405,glove-100-angular
hnswlib,"hnswlib ({'M': 12, 'efConstruction': 500})",10,0.36641,0.39476,0.6979,0.099564185697717,31119.285658640096,0.02956390380859375,0.04649162292480469,0.07581949234008795,0.25130343437195035,0.0,854.2826137542725,10.0,698224.0,22.437018884658812,glove-100-angular
hnswlib,"hnswlib ({'M': 12, 'efConstruction': 500})",10,0.74986,0.79417,0.9564600000000001,0.09094399053530272,5531.841989651694,0.1747608184814453,0.24628639221191406,0.32949686050415045,0.6158578395843552,0.0,854.2826137542725,10.0,698224.0,126.21907879981995,glove-100-angular
hnswlib,"hnswlib ({'M': 12, 'efConstruction': 500})",10,0.49116,0.5284,0.83022,0.09559671690216671,20773.65097446819,0.04506111145019531,0.07128715515136719,0.11396646499633795,0.3199596405029301,0.0,854.2826137542725,10.0,698224.0,33.611039333343506,glove-100-angular
hnswlib,"hnswlib ({'M': 12, 'efConstruction': 500})",10,0.8003,0.84277,0.96038,0.09041090397324136,3578.582108812921,0.27251243591308594,0.3826618194580078,0.5195355415344243,0.9193465709686288,0.0,854.2826137542725,10.0,698224.0,195.11191269874573,glove-100-angular
hnswlib,"hnswlib ({'M': 12, 'efConstruction': 500})",10,0.60526,0.64708,0.9103,0.0931187044671445,12905.55076923077,0.07271766662597656,0.11134147644042969,0.17213821411132812,0.3376243114471484,0.0,854.2826137542725,10.0,698224.0,54.10261154174805,glove-100-angular
hnswlib,"hnswlib ({'M': 12, 'efConstruction': 500})",10,0.85373,0.89116,0.9617000000000001,0.08992743046736273,1904.6049182561858,0.5290508270263672,0.6964206695556641,0.8506846427917482,1.229795932769782,0.0,854.2826137542725,10.0,698224.0,366.5978142276764,glove-100-angular
hnswlib,"hnswlib ({'M': 12, 'efConstruction': 500})",10,0.8791499999999999,0.91303,0.96197,0.08972189547674884,1289.6031117460338,0.7703304290771484,0.9961128234863281,1.1928224563598635,2.265778541564959,0.0,854.2826137542725,10.0,698224.0,541.425492572403,glove-100-angular
hnswlib,"hnswlib ({'M': 12, 'efConstruction': 500})",10,0.70156,0.74597,0.94705,0.09156126374988227,7580.704979768178,0.12564659118652344,0.1850128173828125,0.27990579605102545,0.4544520378112846,0.0,854.2826137542725,10.0,698224.0,92.1054178817749,glove-100-angular
hnswlib,"hnswlib ({'M': 12, 'efConstruction': 500})",10,0.8939,0.92463,0.96207,0.0896168856843566,990.623626300176,1.0139942169189453,1.30014419555664,1.6043281555175783,2.467938423156752,0.0,854.2826137542725,10.0,698224.0,704.8327754989624,glove-100-angular
hnswlib,"hnswlib ({'M': 16, 'efConstruction': 500})",10,0.39846,0.42946999999999996,0.74876,0.0982509725102934,27009.944142280703,0.03552436828613281,0.05555152893066406,0.08464097976684576,0.21529459953308158,0.0,1029.0892431735992,10.0,734884.0,27.207905211830138,glove-100-angular
hnswlib,"hnswlib ({'M': 16, 'efConstruction': 500})",10,0.76081,0.80349,0.94998,0.09130769231516371,4659.867131197527,0.232696533203125,0.31758546829223616,0.39458990097045915,0.5204703807830816,0.0,1029.0892431735992,10.0,734884.0,157.70492576494217,glove-100-angular
hnswlib,"hnswlib ({'M': 16, 'efConstruction': 500})",10,0.52055,0.56071,0.86441,0.09497013603810323,17532.42888051391,0.05340576171875,0.08344650268554688,0.14687538146972678,0.33713102340698387,0.0,1029.0892431735992,10.0,734884.0,41.9156983329773,glove-100-angular
hnswlib,"hnswlib ({'M': 16, 'efConstruction': 500})",10,0.80697,0.8471,0.9522700000000001,0.09085570359948496,2970.134537201036,0.34165382385253906,0.45062303543090804,0.550041198730469,0.7808389663696326,0.0,1029.0892431735992,10.0,734884.0,247.42448222312927,glove-100-angular
hnswlib,"hnswlib ({'M': 16, 'efConstruction': 500})",10,0.62779,0.6710499999999999,0.9247,0.09298043778206708,10905.5784204802,0.09274482727050781,0.1392364501953125,0.20528078079223638,0.34117746353149425,0.0,1029.0892431735992,10.0,734884.0,67.38606350488664,glove-100-angular
hnswlib,"hnswlib ({'M': 16, 'efConstruction': 500})",10,0.8592599999999999,0.89338,0.9534900000000001,0.09040349367037136,1605.7286899566463,0.6219148635864258,0.8118271827697752,1.038103103637696,1.6253094673156758,0.0,1029.0892431735992,10.0,734884.0,457.66386600456235,glove-100-angular
hnswlib,"hnswlib ({'M': 16, 'efConstruction': 500})",10,0.8827999999999999,0.91285,0.9539300000000001,0.09022412431831364,1084.9085007827123,0.9374618530273438,1.2386322021484368,1.4255094528198242,1.8990154266357444,0.0,1029.0892431735992,10.0,734884.0,677.369565700531,glove-100-angular
hnswlib,"hnswlib ({'M': 16, 'efConstruction': 500})",10,0.71665,0.76061,0.9459799999999999,0.09179137713828936,6464.023780458579,0.14853477478027344,0.2117156982421875,0.32046556472778387,0.4968721866607682,0.0,1029.0892431735992,10.0,734884.0,113.6883193749428,glove-100-angular
hnswlib,"hnswlib ({'M': 16, 'efConstruction': 500})",10,0.89643,0.92348,0.95422,0.09012278433587464,831.4981829295051,1.2140274047851562,1.5354156494140625,1.7280721664428713,2.202337980270399,0.0,1029.0892431735992,10.0,734884.0,883.8071027538299,glove-100-angular
hnswlib,"hnswlib ({'M': 24, 'efConstruction': 500})",10,0.45732,0.49371,0.8249299999999999,0.09604164665641045,19590.076761939905,0.04744529724121094,0.07939338684082031,0.1421022415161134,0.2744224071502691,0.0,1453.893049955368,10.0,808420.0,41.266811244487755,glove-100-angular
hnswlib,"hnswlib ({'M': 24, 'efConstruction': 500})",10,0.8028299999999999,0.844,0.9524100000000001,0.09083865249124881,3311.3097981060587,0.3075599670410156,0.500214099884033,0.7324409484863286,1.278897523880009,0.0,1453.893049955368,10.0,808420.0,244.13904143381117,glove-100-angular
hnswlib,"hnswlib ({'M': 24, 'efConstruction': 500})",10,0.57616,0.61981,0.90923,0.09362489911631387,13552.650200883929,0.07033348083496094,0.11492967605590804,0.2005219459533694,0.3492834568023682,0.0,1453.893049955368,10.0,808420.0,59.650325804710384,glove-100-angular
hnswlib,"hnswlib ({'M': 24, 'efConstruction': 500})",10,0.84612,0.8829100000000001,0.9535500000000001,0.09047324419863158,2206.2323176247723,0.4696846008300781,0.5943775177001953,0.6659078598022462,0.8921718597412129,0.0,1453.893049955368,10.0,808420.0,366.4255996713638,glove-100-angular
hnswlib,"hnswlib ({'M': 24, 'efConstruction': 500})",10,0.67951,0.7246900000000001,0.94246,0.09212978984850954,8360.290025625201,0.12350082397460938,0.2079010009765625,0.32044649124145536,0.49781823158264166,0.0,1453.893049955368,10.0,808420.0,96.69760229873658,glove-100-angular
hnswlib,"hnswlib ({'M': 24, 'efConstruction': 500})",10,0.8917999999999999,0.92027,0.95422,0.0901409003312511,1233.565054605561,0.8242130279541016,1.0657310485839844,1.3778543472290046,2.1298370361328214,0.0,1453.893049955368,10.0,808420.0,655.3525466547012,glove-100-angular
hnswlib,"hnswlib ({'M': 24, 'efConstruction': 500})",10,0.9113,0.93359,0.95462,0.0900023990876964,832.0682441714363,1.2475252151489258,1.578116416931152,1.7635846138000488,2.2414040565490785,0.0,1453.893049955368,10.0,808420.0,971.5789608159065,glove-100-angular
hnswlib,"hnswlib ({'M': 24, 'efConstruction': 500})",10,0.76292,0.8062699999999999,0.95049,0.09121422962078268,4618.353353739676,0.22864341735839844,0.3669381141662596,0.511424541473389,0.8070790767669743,0.0,1453.893049955368,10.0,808420.0,175.04507301187513,glove-100-angular
hnswlib,"hnswlib ({'M': 24, 'efConstruction': 500})",10,0.92174,0.9399599999999999,0.95479,0.08992808739415772,632.7186094414113,1.6314983367919922,2.0814180374145503,2.3353195190429688,3.445387125015259,0.0,1453.893049955368,10.0,808420.0,1277.692781493664,glove-100-angular
hnswlib,"hnswlib ({'M': 36, 'efConstruction': 500})",10,0.48737,0.52532,0.86079,0.0951550255281251,17086.272496924368,0.0553131103515625,0.0858306884765625,0.12374401092529308,0.2739448547363285,0.0,1741.3625795841217,10.0,919224.0,53.79897810745239,glove-100-angular
hnswlib,"hnswlib ({'M': 36, 'efConstruction': 500})",10,0.81531,0.85619,0.9497,0.09082763800755529,2835.8706360659144,0.38242340087890625,0.5092620849609375,0.6122684478759768,0.8015847206115766,0.0,1741.3625795841217,10.0,919224.0,324.1417250524521,glove-100-angular
hnswlib,"hnswlib ({'M': 36, 'efConstruction': 500})",10,0.59805,0.6426700000000001,0.9229100000000001,0.09321508223085337,11225.569962830374,0.08463859558105469,0.12922286987304688,0.19288301467895513,0.4545063972473309,0.0,1741.3625795841217,10.0,919224.0,81.88662161865234,glove-100-angular
hnswlib,"hnswlib ({'M': 36, 'efConstruction': 500})",10,0.8564399999999999,0.8914500000000001,0.95062,0.09051700342738611,1781.950901931488,0.569462776184082,0.7572174072265625,0.9405660629272462,1.378564119338995,0.0,1741.3625795841217,10.0,919224.0,515.8525967262268,glove-100-angular
hnswlib,"hnswlib ({'M': 36, 'efConstruction': 500})",10,0.69676,0.74258,0.94377,0.0919533822004141,6907.440094569406,0.14066696166992188,0.2060055732727049,0.2896833419799806,0.570089101791388,0.0,1741.3625795841217,10.0,919224.0,133.07737561454775,glove-100-angular
hnswlib,"hnswlib ({'M': 36, 'efConstruction': 500})",10,0.89842,0.92372,0.9511100000000001,0.09023356481737911,937.1603137842916,1.092076301574707,1.4121651649475095,1.6324520111083984,1.9087827205657966,0.0,1741.3625795841217,10.0,919224.0,980.8609972909928,glove-100-angular
hnswlib,"hnswlib ({'M': 36, 'efConstruction': 500})",10,0.9153,0.93384,0.9512700000000001,0.09012210262149324,640.5277981896643,1.6158819198608398,2.134573459625244,2.4275803565979004,3.2458574771881157,0.0,1741.3625795841217,10.0,919224.0,1435.1039917362214,glove-100-angular
hnswlib,"hnswlib ({'M': 36, 'efConstruction': 500})",10,0.77537,0.8193400000000001,0.9486399999999999,0.09116728145039397,3969.6308340542005,0.25081634521484375,0.3464221954345703,0.457291603088379,0.7829828262329135,0.0,1741.3625795841217,10.0,919224.0,231.56410216140748,glove-100-angular
hnswlib,"hnswlib ({'M': 36, 'efConstruction': 500})",10,0.9242699999999999,0.93857,0.9513400000000001,0.09006386324651253,485.183843933616,2.1544694900512695,2.845549583435058,3.2277250289916997,4.160988092422508,0.0,1741.3625795841217,10.0,919224.0,1894.5890542179109,glove-100-angular
hnswlib,"hnswlib ({'M': 48, 'efConstruction': 500})",10,0.5568500000000001,0.60022,0.91816,0.09315290816795613,13761.435862707964,0.06818771362304688,0.1113533973693846,0.17071008682250982,0.3039879798889169,0.0,2381.6956374645233,10.0,846836.0,61.53689254875184,glove-100-angular
hnswlib,"hnswlib ({'M': 48, 'efConstruction': 500})",10,0.88378,0.91802,0.96228,0.08961043463728341,1829.7499618938782,0.5679130554199219,0.8490562438964837,1.073856353759766,1.5263674259185815,0.0,2381.6956374645233,10.0,846836.0,462.8151483186722,glove-100-angular
hnswlib,"hnswlib ({'M': 48, 'efConstruction': 500})",10,0.67769,0.72552,0.9529500000000001,0.09149615297966479,9082.83250361587,0.11301040649414062,0.19122362136840804,0.2903962135314942,0.4854416847229048,0.0,2381.6956374645233,10.0,846836.0,93.23479208307268,glove-100-angular
hnswlib,"hnswlib ({'M': 48, 'efConstruction': 500})",10,0.9162800000000001,0.94155,0.96244,0.08940202205617234,1158.3854371069087,0.8640289306640625,1.259338855743408,1.581430435180664,2.144816637039185,0.0,2381.6956374645233,10.0,846836.0,731.0485550603867,glove-100-angular
hnswlib,"hnswlib ({'M': 48, 'efConstruction': 500})",10,0.77428,0.81996,0.9602499999999999,0.090488637239503,4408.147187392899,0.2219676971435547,0.3407120704650877,0.43917179107666027,0.6397378444671755,0.0,2381.6956374645233,10.0,846836.0,192.10701548757552,glove-100-angular
hnswlib,"hnswlib ({'M': 48, 'efConstruction': 500})",10,0.94461,0.95685,0.96261,0.08923244978336561,604.0868453190033,1.6829967498779297,2.39112377166748,2.801666259765625,3.6328437328338743,0.0,2381.6956374645233,10.0,846836.0,1401.8447952674867,glove-100-angular
hnswlib,"hnswlib ({'M': 48, 'efConstruction': 500})",10,0.95313,0.95981,0.96264,0.08917765746056157,411.2197883208868,2.6096105575561523,3.900396823883055,4.935300350189209,7.412934541702276,0.0,2381.6956374645233,10.0,846836.0,2059.3269683296203,glove-100-angular
hnswlib,"hnswlib ({'M': 48, 'efConstruction': 500})",10,0.8503299999999999,0.88985,0.9619099999999999,0.08984635575769964,2634.358896026112,0.4055500030517578,0.6883263587951658,0.9997344017028819,1.5447690486908072,0.0,2381.6956374645233,10.0,846836.0,321.45809793701176,glove-100-angular
hnswlib,"hnswlib ({'M': 48, 'efConstruction': 500})",10,0.9565300000000001,0.9609,0.9626699999999999,0.08915354537042897,306.74691024984355,3.3311843872070312,4.80654239654541,5.88611125946045,7.988603115081817,0.0,2381.6956374645233,10.0,846836.0,2760.6993638835906,glove-100-angular
hnswlib,"hnswlib ({'M': 4, 'efConstruction': 500})",10,0.09625,0.10343,0.22987000000000002,0.12197753357461837,51753.67333139199,0.017881393432617188,0.02956390380859375,0.05031108856201182,0.15855407714843867,0.0,578.4351787567139,10.0,628276.0,12.139737327957153,glove-100-angular
hnswlib,"hnswlib ({'M': 4, 'efConstruction': 500})",10,0.44914,0.48362999999999995,0.76445,0.09831222880095614,8757.065013258873,0.10704994201660156,0.1761913299560547,0.23937463760375982,0.37003540992737016,0.0,578.4351787567139,10.0,628276.0,71.74504232282638,glove-100-angular
hnswlib,"hnswlib ({'M': 4, 'efConstruction': 500})",10,0.16982,0.18292999999999998,0.37345,0.1138497415154246,34563.97662939126,0.030040740966796875,0.05125999450683594,0.07248163223266607,0.17595410346984888,0.0,578.4351787567139,10.0,628276.0,18.17719085788727,glove-100-angular
hnswlib,"hnswlib ({'M': 4, 'efConstruction': 500})",10,0.5326299999999999,0.57227,0.8480000000000001,0.09548776922828811,5786.579805279285,0.15974044799804688,0.2544045448303221,0.3500008583068848,0.654713869094852,0.0,578.4351787567139,10.0,628276.0,108.57467124652862,glove-100-angular
hnswlib,"hnswlib ({'M': 4, 'efConstruction': 500})",10,0.267,0.28767,0.53396,0.10672466064904142,20979.313815082303,0.0438690185546875,0.07319450378417969,0.1251792907714846,0.31330251693726,0.0,578.4351787567139,10.0,628276.0,29.947404645252227,glove-100-angular
hnswlib,"hnswlib ({'M': 4, 'efConstruction': 500})",10,0.62844,0.6732199999999999,0.91982,0.09304208123120287,3181.2576373281768,0.3008842468261719,0.45635700225830045,0.5803155899047853,1.122263669967657,0.0,578.4351787567139,10.0,628276.0,197.49296398630142,glove-100-angular
hnswlib,"hnswlib ({'M': 4, 'efConstruction': 500})",10,0.6738000000000001,0.7208,0.9410399999999999,0.09218737693887075,2239.913562905875,0.4265308380126953,0.6089568138122553,0.7615089416503906,1.269586086273195,0.0,578.4351787567139,10.0,628276.0,280.49118073329925,glove-100-angular
hnswlib,"hnswlib ({'M': 4, 'efConstruction': 500})",10,0.38241,0.41204,0.6893,0.10086317341320092,12123.383629878015,0.07510185241699219,0.1270771026611328,0.2245974540710451,0.4487426280975421,0.0,578.4351787567139,10.0,628276.0,51.8234858502388,glove-100-angular
hnswlib,"hnswlib ({'M': 4, 'efConstruction': 500})",10,0.70234,0.75064,0.94984,0.09173437022993149,1709.9108077487344,0.5638599395751953,0.7903695106506345,0.9625101089477542,1.2929563522338892,0.0,578.4351787567139,10.0,628276.0,367.4320304619789,glove-100-angular
hnswlib,"hnswlib ({'M': 64, 'efConstruction': 500})",10,0.55305,0.59692,0.9099600000000001,0.09371540120049342,13195.552471013732,0.07534027099609375,0.12731552124023438,0.1685690879821779,0.3109042644500746,0.0,2244.093001127243,10.0,1178152.0,89.28402221794127,glove-100-angular
hnswlib,"hnswlib ({'M': 64, 'efConstruction': 500})",10,0.87339,0.90739,0.9547100000000001,0.09020729025578356,2021.7923196163174,0.5203485488891602,0.7531642913818359,0.9319901466369631,1.432419538497925,0.0,2244.093001127243,10.0,1178152.0,582.7265187274933,glove-100-angular
hnswlib,"hnswlib ({'M': 64, 'efConstruction': 500})",10,0.66896,0.71663,0.94439,0.09210876544299376,8597.899796424526,0.1494884490966797,0.24081468582153304,0.30899286270141607,0.4332077503204348,0.0,2244.093001127243,10.0,1178152.0,137.0278821451187,glove-100-angular
hnswlib,"hnswlib ({'M': 64, 'efConstruction': 500})",10,0.9069699999999999,0.9322699999999999,0.9550599999999999,0.08998018586898987,1234.5256552423434,0.8261203765869141,1.1746883392333984,1.379499435424805,2.1932253837585476,0.0,2244.093001127243,10.0,1178152.0,954.3357766580582,glove-100-angular
hnswlib,"hnswlib ({'M': 64, 'efConstruction': 500})",10,0.76572,0.8107900000000001,0.95182,0.09110049738442491,4987.900995081911,0.1971721649169922,0.3032803535461424,0.4000735282897951,0.6392068862915052,0.0,2244.093001127243,10.0,1178152.0,236.20196173934934,glove-100-angular
hnswlib,"hnswlib ({'M': 64, 'efConstruction': 500})",10,0.93537,0.94832,0.9553699999999999,0.08979635271128401,654.2428598716797,1.6951560974121094,2.54371166229248,3.240597248077393,4.523849725723286,0.0,2244.093001127243,10.0,1178152.0,1800.7869435993196,glove-100-angular
hnswlib,"hnswlib ({'M': 64, 'efConstruction': 500})",10,0.9444100000000001,0.9519,0.95548,0.08973584017587322,434.76429765803516,2.368330955505371,3.3483862876892085,3.9489364624023438,5.056647539138799,0.0,2244.093001127243,10.0,1178152.0,2709.863726958275,glove-100-angular
hnswlib,"hnswlib ({'M': 64, 'efConstruction': 500})",10,0.83902,0.8783799999999999,0.9541299999999999,0.09046079077823635,2877.2121080828642,0.3724098205566406,0.5793690681457517,0.7820534706115732,1.2240478992462172,0.0,2244.093001127243,10.0,1178152.0,409.4769366117477,glove-100-angular
hnswlib,"hnswlib ({'M': 64, 'efConstruction': 500})",10,0.9482900000000001,0.9533200000000001,0.9555199999999999,0.08970596142024093,321.03688408172314,3.4977197647094727,6.851553916931134,23.937549591064464,61.723941087724334,0.0,2244.093001127243,10.0,1178152.0,3669.8337743026736,glove-100-angular
hnswlib,"hnswlib ({'M': 8, 'efConstruction': 500})",10,0.24925000000000003,0.2672,0.50537,0.1067788611837206,38735.00674165605,0.023603439331054688,0.03838539123535156,0.0591278076171875,0.1964602470397956,0.0,682.3821668624878,10.0,662284.0,17.097815534591675,glove-100-angular
hnswlib,"hnswlib ({'M': 8, 'efConstruction': 500})",10,0.63629,0.67899,0.9183600000000001,0.0932365237364712,6743.6573377057275,0.1404285430908203,0.21005868911743147,0.2806258201599123,0.5381500720977863,0.0,682.3821668624878,10.0,662284.0,98.20843006019592,glove-100-angular
hnswlib,"hnswlib ({'M': 8, 'efConstruction': 500})",10,0.36329,0.39042,0.67314,0.10094384313235151,25149.823682173403,0.039577484130859375,0.06580352783203125,0.10038137435913101,0.27967000007629494,0.0,682.3821668624878,10.0,662284.0,26.33354445619583,glove-100-angular
hnswlib,"hnswlib ({'M': 8, 'efConstruction': 500})",10,0.6944,0.73829,0.93932,0.09230599531750996,4516.385516740857,0.2148151397705078,0.3070831298828125,0.38791656494140647,0.5385875701904297,0.0,682.3821668624878,10.0,662284.0,146.64027186012268,glove-100-angular
hnswlib,"hnswlib ({'M': 8, 'efConstruction': 500})",10,0.47691999999999996,0.51176,0.80192,0.09693864045580806,15826.493229325264,0.0591278076171875,0.09274482727050781,0.15093326568603546,0.2815818786621113,0.0,682.3821668624878,10.0,662284.0,41.84654113855362,glove-100-angular
hnswlib,"hnswlib ({'M': 8, 'efConstruction': 500})",10,0.75851,0.8020099999999999,0.94797,0.09152901330323217,2425.4958620072684,0.4216432571411133,0.5700588226318359,0.7024002075195317,1.0883958339691193,0.0,682.3821668624878,10.0,662284.0,273.05097088556295,glove-100-angular
hnswlib,"hnswlib ({'M': 8, 'efConstruction': 500})",10,0.78953,0.83253,0.94953,0.09121933880623938,1668.4820801543708,0.6260871887207031,0.8196830749511719,0.9613156318664553,1.296529769897463,0.0,682.3821668624878,10.0,662284.0,396.93803600139614,glove-100-angular
hnswlib,"hnswlib ({'M': 8, 'efConstruction': 500})",10,0.58084,0.62162,0.88612,0.09435113532114457,9330.833723202215,0.10061264038085938,0.1575946807861328,0.2570223808288576,0.49829530715942394,0.0,682.3821668624878,10.0,662284.0,70.97800900182725,glove-100-angular
hnswlib,"hnswlib ({'M': 8, 'efConstruction': 500})",10,0.80908,0.8512299999999999,0.9501099999999999,0.09103824202380947,1277.984078398793,0.7784366607666016,0.9873509407043448,1.1832714080810547,1.721893310546882,0.0,682.3821668624878,10.0,662284.0,518.2255484980583,glove-100-angular
hnswlib,"hnswlib ({'M': 96, 'efConstruction': 500})",10,0.50191,0.54057,0.8676299999999999,0.09591389926286265,12072.440908619916,0.0782012939453125,0.12946128845214844,0.19720315933227606,0.35311007499695074,0.0,2248.644076347351,10.0,1473820.0,122.08135961532592,glove-100-angular
hnswlib,"hnswlib ({'M': 96, 'efConstruction': 500})",10,0.8178300000000001,0.85748,0.9365500000000001,0.09192701283207062,2087.2524746008394,0.47898292541503906,0.6978631019592283,0.8206605911254888,1.2336320877075306,0.0,2248.644076347351,10.0,1473820.0,706.105283349514,glove-100-angular
hnswlib,"hnswlib ({'M': 96, 'efConstruction': 500})",10,0.60997,0.6542600000000001,0.91863,0.09411101885324503,8027.850833666526,0.12028217315673828,0.20433664321899397,0.3002047538757332,0.6253764629364023,0.0,2248.644076347351,10.0,1473820.0,183.5883638768196,glove-100-angular
hnswlib,"hnswlib ({'M': 96, 'efConstruction': 500})",10,0.8571799999999999,0.89035,0.93692,0.09162851766028399,1323.1407355662402,0.762939453125,1.1320114135742188,1.3253855705261235,1.8141489028930708,0.0,2248.644076347351,10.0,1473820.0,1113.8799980859756,glove-100-angular
hnswlib,"hnswlib ({'M': 96, 'efConstruction': 500})",10,0.70019,0.7466999999999999,0.93231,0.09300429102270714,5121.903207197597,0.1888275146484375,0.2982854843139645,0.40579080581665045,0.7340927124023442,0.0,2248.644076347351,10.0,1473820.0,287.74850683021543,glove-100-angular
hnswlib,"hnswlib ({'M': 96, 'efConstruction': 500})",10,0.8970100000000001,0.9186799999999999,0.9371700000000001,0.09135691257997973,705.8559533195452,1.4467239379882812,2.0699739456176753,2.338988780975344,3.0062613487243737,0.0,2248.644076347351,10.0,1473820.0,2087.989756364346,glove-100-angular
hnswlib,"hnswlib ({'M': 96, 'efConstruction': 500})",10,0.91245,0.92737,0.9372,0.09125087703847555,477.9846745789923,2.174973487854004,3.118073940277099,3.4743046760559095,4.126787424087524,0.0,2248.644076347351,10.0,1473820.0,3083.404298052311,glove-100-angular
hnswlib,"hnswlib ({'M': 96, 'efConstruction': 500})",10,0.77877,0.8225899999999999,0.9359299999999999,0.09224990958677762,2931.5245772417516,0.335693359375,0.5054593086242674,0.6585192680358888,1.1334791183471755,0.0,2248.644076347351,10.0,1473820.0,502.74864193248743,glove-100-angular
hnswlib,"hnswlib ({'M': 96, 'efConstruction': 500})",10,0.91956,0.9306800000000001,0.93727,0.09119875709158447,365.89540534368695,2.91287899017334,4.206693172454833,4.8215436935424805,5.804626703262347,0.0,2248.644076347351,10.0,1473820.0,4027.981708640575,glove-100-angular
luceneknn,luceneknn-100-24-500-10,10,0.59527,0.63753,0.91741,0.09042265258108277,2625.299682777373,0.3414154052734375,0.5898594856262205,0.8318901062011729,1.5761935710907,0.0,3779.108606338501,10.0,3068916.0,1168.9774009926796,glove-100-angular
luceneknn,luceneknn-100-24-500-120,10,0.89756,0.93383,0.9998799999999999,0.08636496311024638,582.6064222132477,1.696467399597168,2.3217439651489253,2.737536430358887,3.662592411041261,0.0,3779.108606338501,10.0,3068916.0,5267.562942992593,glove-100-angular
luceneknn,luceneknn-100-24-500-20,10,0.70925,0.7537499999999999,0.97474,0.08843193726866128,1917.4532653498975,0.48542022705078125,0.8125424385070799,1.1007976531982426,1.700414180755618,0.0,3779.108606338501,10.0,3068916.0,1600.516714257431,glove-100-angular
luceneknn,luceneknn-100-24-500-200,10,0.9298500000000001,0.9610200000000001,1.0,0.08613987663620411,399.1054823660402,2.544879913330078,3.406822681427001,3.9802241325378427,5.193406581878698,0.0,3779.108606338501,10.0,3068916.0,7689.485951950264,glove-100-angular
luceneknn,luceneknn-100-24-500-40,10,0.79997,0.84277,0.99522,0.08726080954597529,1268.1555095866545,0.7755756378173828,1.2466907501220703,1.7011451721191413,2.652424097061161,0.0,3779.108606338501,10.0,3068916.0,2419.9839663199423,glove-100-angular
luceneknn,luceneknn-100-24-500-400,10,0.9619300000000001,0.98472,1.0,0.0859486654076507,231.4270365758432,4.350900650024414,5.790531635284423,6.596336364746094,7.646632909774795,0.0,3779.108606338501,10.0,3068916.0,13260.836095069884,glove-100-angular
luceneknn,luceneknn-100-24-500-600,10,0.9747,0.992,1.0,0.08587641725978573,165.89335274991296,6.078839302062988,8.068370819091797,9.332470893859863,11.93114447593693,0.0,3779.108606338501,10.0,3068916.0,18499.330739468765,glove-100-angular
luceneknn,luceneknn-100-24-500-80,10,0.8660500000000001,0.9050100000000001,0.9992300000000001,0.08662380448911833,839.903388874678,1.1844635009765625,1.753604412078857,2.1796298027038574,3.0303416252136315,0.0,3779.108606338501,10.0,3068916.0,3653.891674507713,glove-100-angular
luceneknn,luceneknn-100-24-500-800,10,0.98141,0.99497,1.0,0.0858407339249819,137.74494404894904,7.33792781829834,10.794258117675776,13.133952617645267,16.52926635742191,0.0,3779.108606338501,10.0,3068916.0,22279.69978273344,glove-100-angular
nsg(faiss),FaissNSG,10,0.29073000000000004,0.31070000000000003,0.52344,0.10444986104993376,3523.4026781799826,0.13256072998046875,0.3364205360412596,0.7867670059204359,20.55217814445496,0.0,2073.0954825878143,10.0,2330512.0,661.4378806125641,glove-100-angular
nsg(faiss),FaissNSG,10,0.29073000000000004,0.31070000000000003,0.52344,0.10444986105430401,3559.018488074928,0.11587142944335938,0.24416446685790982,0.4878473281860361,20.46918916702271,0.0,2073.0954825878143,10.0,2330512.0,654.8187394386291,glove-100-angular
nsg(faiss),FaissNSG,10,0.29073000000000004,0.31070000000000003,0.52344,0.10444986105430401,4010.876202960489,0.1138448715209961,0.2334117889404297,0.4799437522888185,20.378590106964115,0.0,2073.0954825878143,10.0,2330512.0,581.0481007316589,glove-100-angular
nsg(faiss),FaissNSG,10,0.29073000000000004,0.31070000000000003,0.52344,0.10444986105430401,4110.2900817578775,0.1163482666015625,0.2601265907287596,0.49592256546020536,20.50186347961426,0.0,2073.0954825878143,10.0,2330512.0,566.9945316860199,glove-100-angular
nsg(faiss),FaissNSG,10,0.29073000000000004,0.31070000000000003,0.52344,0.10444986105430401,4287.561024826593,0.11658668518066406,0.23698806762695312,0.46471118927002025,20.4653742313385,0.0,2073.0954825878143,10.0,2330512.0,543.5519136650086,glove-100-angular
nsg(faiss),FaissNSG,10,0.29073000000000004,0.31070000000000003,0.52344,0.10444986105430401,3775.5953805689037,0.11587142944335938,0.25177001953125,0.5066919326782238,20.4935097694397,0.0,2073.0954825878143,10.0,2330512.0,617.2568204723358,glove-100-angular
nsg(faiss),FaissNSG,10,0.29073000000000004,0.31070000000000003,0.52344,0.10444986105430401,4009.9543678469713,0.11539459228515625,0.23558139801025357,0.4494738578796399,20.44415593147278,0.0,2073.0954825878143,10.0,2330512.0,581.1816759529114,glove-100-angular
nsg(faiss),FaissNSG,10,0.29073000000000004,0.31070000000000003,0.52344,0.10444986105430401,4083.0109215059597,0.11658668518066406,0.24318695068359375,0.4818749427795417,20.42842173576355,0.0,2073.0954825878143,10.0,2330512.0,570.7827005126952,glove-100-angular
nsg(faiss),FaissNSG,10,0.29073000000000004,0.31070000000000003,0.52344,0.10444986105430401,4297.781249362783,0.11277198791503906,0.21028518676757812,0.37789583206176763,20.455363035202026,0.0,2073.0954825878143,10.0,2330512.0,542.2593344753266,glove-100-angular
nsg(faiss),FaissNSG,10,0.41474,0.44287,0.6954100000000001,0.09766739854049622,3584.5124732676622,0.1277923583984375,0.250601768493652,0.4573369026184093,20.43104219436646,0.0,2198.2737641334534,10.0,2160920.0,602.8490669555664,glove-100-angular
nsg(faiss),FaissNSG,10,0.41474,0.44287,0.6954100000000001,0.09766739854049622,3599.654101231346,0.12731552124023438,0.270843505859375,0.5052256584167484,20.4823112487793,0.0,2198.2737641334534,10.0,2160920.0,600.31323544693,glove-100-angular
nsg(faiss),FaissNSG,10,0.41474,0.44287,0.6954100000000001,0.09766739853339455,3602.2485196123666,0.12946128845214844,0.3009080886840817,0.5445861816406259,20.490660429000858,0.0,2198.2737641334534,10.0,2160920.0,599.8808766899108,glove-100-angular
nsg(faiss),FaissNSG,10,0.41474,0.44287,0.6954100000000001,0.09766739853339455,3666.6233650658883,0.12874603271484375,0.25535821914672835,0.43325424194336043,20.471359014511112,0.0,2198.2737641334534,10.0,2160920.0,589.3487781124115,glove-100-angular
nsg(faiss),FaissNSG,10,0.41474,0.44287,0.6954100000000001,0.09766739854049622,3688.067013493355,0.13136863708496094,0.30566453933715804,0.6399846076965399,20.495184898376465,0.0,2198.2737641334534,10.0,2160920.0,585.9221082735062,glove-100-angular
nsg(faiss),FaissNSG,10,0.41474,0.44287,0.6954100000000001,0.09766739854049622,3781.0864543966773,0.1266002655029297,0.2555966377258299,0.43063163757324324,20.456317901611328,0.0,2198.2737641334534,10.0,2160920.0,571.5076939029693,glove-100-angular
nsg(faiss),FaissNSG,10,0.41474,0.44287,0.6954100000000001,0.09766739853339455,3684.7754602253194,0.13768672943115234,0.2985239028930661,0.5496168136596693,20.514254808425907,0.0,2198.2737641334534,10.0,2160920.0,586.4455034847259,glove-100-angular
nsg(faiss),FaissNSG,10,0.41474,0.44287,0.6954100000000001,0.09766739853339455,3425.3104912007993,0.13494491577148438,0.29468536376953125,0.5388593673706062,20.51021790504456,0.0,2198.2737641334534,10.0,2160920.0,630.8683564748765,glove-100-angular
nsg(faiss),FaissNSG,10,0.41474,0.44287,0.6954100000000001,0.09766739854049622,3293.26090150134,0.13017654418945312,0.2777576446533203,0.5572438240051283,20.4954206943512,0.0,2198.2737641334534,10.0,2160920.0,656.1642288999558,glove-100-angular
nsg(faiss),FaissNSG,10,0.52874,0.56431,0.8274699999999999,0.09316949062248561,3085.690642868893,0.1404285430908203,0.27751922607421875,0.5357861518859877,20.49398469924927,0.0,2406.889509677887,10.0,2227288.0,721.8118268424987,glove-100-angular
nsg(faiss),FaissNSG,10,0.52874,0.56431,0.8274699999999999,0.0931694906230319,3126.128192226403,0.14209747314453125,0.2758622169494627,0.5655670166015634,20.488051652908332,0.0,2406.889509677887,10.0,2227288.0,712.474941219139,glove-100-angular
nsg(faiss),FaissNSG,10,0.52874,0.56431,0.8274699999999999,0.09316949062357817,3265.444417039744,0.14543533325195312,0.3268718719482422,0.88122844696045,20.51067399978638,0.0,2406.889509677887,10.0,2227288.0,682.0780621398926,glove-100-angular
nsg(faiss),FaissNSG,10,0.52874,0.56431,0.8274699999999999,0.09316949062357817,3339.7455941684657,0.1430511474609375,0.288748741149902,0.7904195785522474,20.46777725219727,0.0,2406.889509677887,10.0,2227288.0,666.9034922567367,glove-100-angular
nsg(faiss),FaissNSG,10,0.52874,0.56431,0.8274699999999999,0.0931694906230319,3076.2970522350233,0.15246868133544922,0.3280758857727049,2.2374343872070805,20.53714227676392,0.0,2406.889509677887,10.0,2227288.0,724.0159068454743,glove-100-angular
nsg(faiss),FaissNSG,10,0.52874,0.56431,0.8274699999999999,0.0931694906230319,3407.869039413772,0.1442432403564453,0.28634071350097656,2.9707098007202153,20.463713169097904,0.0,2406.889509677887,10.0,2227288.0,653.5720634332657,glove-100-angular
nsg(faiss),FaissNSG,10,0.52874,0.56431,0.8274699999999999,0.09316949062357817,3197.2301827449746,0.14066696166992188,0.2675056457519531,0.485665798187256,20.49184656143189,0.0,2406.889509677887,10.0,2227288.0,696.6304809770584,glove-100-angular
nsg(faiss),FaissNSG,10,0.52874,0.56431,0.8274699999999999,0.09316949062357817,3252.4258632087267,0.1404285430908203,0.270843505859375,0.5680727958679234,20.4689519405365,0.0,2406.889509677887,10.0,2227288.0,684.808230433464,glove-100-angular
nsg(faiss),FaissNSG,10,0.52874,0.56431,0.8274699999999999,0.0931694906230319,3044.750081448784,0.14662742614746094,0.2956509590148924,0.5999994277954132,20.521715402603167,0.0,2406.889509677887,10.0,2227288.0,731.5175106063842,glove-100-angular
nsg(faiss),FaissNSG,10,0.59801,0.63822,0.89894,0.09092998379397627,3174.1545377319762,0.1481771469116211,0.240325927734375,0.5369567871093759,20.41364145278931,0.0,2440.9659056663513,10.0,2059664.0,648.8858609485626,glove-100-angular
nsg(faiss),FaissNSG,10,0.59801,0.63822,0.89894,0.09092998379561512,3307.201188550659,0.14591217041015625,0.2346158027648924,0.4136753082275395,20.453696727752686,0.0,2440.9659056663513,10.0,2059664.0,622.7815855686188,glove-100-angular
nsg(faiss),FaissNSG,10,0.59801,0.63822,0.89894,0.09092998379725396,3324.429201051883,0.1456737518310547,0.23938417434692366,0.4828834533691425,20.40768623352051,0.0,2440.9659056663513,10.0,2059664.0,619.5541777061462,glove-100-angular
nsg(faiss),FaissNSG,10,0.59801,0.63822,0.89894,0.09092998379725396,3372.3616639959346,0.14638900756835938,0.24200677871704085,0.47244310379028615,20.415794372558597,0.0,2440.9659056663513,10.0,2059664.0,610.7482545509339,glove-100-angular
nsg(faiss),FaissNSG,10,0.59801,0.63822,0.89894,0.09092998379561512,3457.795039668603,0.14400482177734375,0.23865699768066406,0.3986573219299321,20.42440032958985,0.0,2440.9659056663513,10.0,2059664.0,595.6582088790894,glove-100-angular
nsg(faiss),FaissNSG,10,0.59801,0.63822,0.89894,0.09092998379561512,3413.624191449255,0.15163421630859375,0.25653839111328125,0.4423069953918466,20.399344205856323,0.0,2440.9659056663513,10.0,2059664.0,603.3657732913972,glove-100-angular
nsg(faiss),FaissNSG,10,0.59801,0.63822,0.89894,0.09092998379725396,3318.4570055984022,0.14531612396240234,0.23320913314819283,0.46087503433227567,20.384312629699707,0.0,2440.9659056663513,10.0,2059664.0,620.6691834564209,glove-100-angular
nsg(faiss),FaissNSG,10,0.59801,0.63822,0.89894,0.09092998379725396,3500.8704800185233,0.14257431030273438,0.22890567779540982,0.4115176200866701,20.384319782257084,0.0,2440.9659056663513,10.0,2059664.0,588.3291060768128,glove-100-angular
nsg(faiss),FaissNSG,10,0.59801,0.63822,0.89894,0.09092998379561512,3293.191862495572,0.14328956604003906,0.2276897430419922,0.4101467132568374,20.388126373291016,0.0,2440.9659056663513,10.0,2059664.0,625.4309150512695,glove-100-angular
nsg(faiss),FaissNSG,10,0.6545300000000001,0.69733,0.94091,0.08955470838152378,2706.8354127795833,0.18787384033203125,0.31256675720214844,0.6104993820190462,20.48207473754883,0.0,2966.1299028396606,10.0,2082700.0,769.4224739956857,glove-100-angular
nsg(faiss),FaissNSG,10,0.6545300000000001,0.69733,0.94091,0.08955470838261635,2747.3523606554995,0.17333030700683594,0.29158592224121094,0.5705904960632336,20.402915000915527,0.0,2966.1299028396606,10.0,2082700.0,758.0753127360343,glove-100-angular
nsg(faiss),FaissNSG,10,0.6545300000000001,0.69733,0.94091,0.08955470838207007,2856.791208695404,0.17642974853515625,0.28849840164184554,0.530095100402834,20.44296360015869,0.0,2966.1299028396606,10.0,2082700.0,729.0347273755074,glove-100-angular
nsg(faiss),FaissNSG,10,0.6545300000000001,0.69733,0.94091,0.08955470838207007,2711.688904804701,0.18095970153808594,0.30112266540527344,0.6554579734802256,20.50997066497803,0.0,2966.1299028396606,10.0,2082700.0,768.045330092907,glove-100-angular
nsg(faiss),FaissNSG,10,0.6545300000000001,0.69733,0.94091,0.08955470838261635,2760.5176391795026,0.1742839813232422,0.2853870391845703,0.5240631103515629,20.50662064552307,0.0,2966.1299028396606,10.0,2082700.0,754.4599499893188,glove-100-angular
nsg(faiss),FaissNSG,10,0.6545300000000001,0.69733,0.94091,0.08955470838261635,2824.631262159042,0.18405914306640625,0.3058910369873047,0.6507158279418961,20.458940982818607,0.0,2966.1299028396606,10.0,2082700.0,737.3351799583435,glove-100-angular
nsg(faiss),FaissNSG,10,0.6545300000000001,0.69733,0.94091,0.08955470838207007,2974.023075158057,0.17023086547851562,0.28277635574340804,0.5818057060241714,20.426285743713382,0.0,2966.1299028396606,10.0,2082700.0,700.2971891498565,glove-100-angular
nsg(faiss),FaissNSG,10,0.6545300000000001,0.69733,0.94091,0.08955470838207007,2791.6896212249944,0.17535686492919922,0.27896165847778304,0.512399673461915,20.50209474563599,0.0,2966.1299028396606,10.0,2082700.0,746.0356567454338,glove-100-angular
nsg(faiss),FaissNSG,10,0.6545300000000001,0.69733,0.94091,0.08955470838261635,2887.3292811312112,0.179290771484375,0.3085136413574219,20.17870903015137,20.464421033859253,0.0,2966.1299028396606,10.0,2082700.0,721.3240324234963,glove-100-angular
nsg(faiss),FaissNSG,10,0.14126,0.1515,0.2893,0.11550521174968614,4905.657729207671,0.09679794311523438,0.1914858818054194,0.36788702011108415,20.3220853805542,0.0,1694.3566265106201,10.0,2123868.0,432.942556785965,glove-100-angular
nsg(faiss),FaissNSG,10,0.14126,0.1515,0.2893,0.11550521175077871,4199.069103618786,0.10156631469726562,0.2258062362670895,0.40820360183715887,20.407200336456302,0.0,1694.3566265106201,10.0,2123868.0,505.7949625476837,glove-100-angular
nsg(faiss),FaissNSG,10,0.14126,0.1515,0.2893,0.1155052117546027,5228.243532231518,0.09441375732421875,0.1728534698486328,0.3049421310424806,20.34592628479004,0.0,1694.3566265106201,10.0,2123868.0,406.22973794288635,glove-100-angular
nsg(faiss),FaissNSG,10,0.14126,0.1515,0.2893,0.1155052117546027,4887.571285024618,0.10561943054199219,0.24129152297973616,0.409843921661377,20.428181648254395,0.0,1694.3566265106201,10.0,2123868.0,434.54465953416826,glove-100-angular
nsg(faiss),FaissNSG,10,0.14126,0.1515,0.2893,0.11550521175077871,5013.595133842171,0.09703636169433594,0.1998066902160643,0.3483319282531739,20.385266065597534,0.0,1694.3566265106201,10.0,2123868.0,423.6217610918999,glove-100-angular
nsg(faiss),FaissNSG,10,0.14126,0.1515,0.2893,0.11550521175077871,5199.075836424683,0.09417533874511719,0.17333030700683594,0.31044483184814503,20.3611912727356,0.0,1694.3566265106201,10.0,2123868.0,408.50875556001665,glove-100-angular
nsg(faiss),FaissNSG,10,0.14126,0.1515,0.2893,0.1155052117546027,5053.973829687402,0.09465217590332031,0.1747608184814453,0.31376600265502946,20.35427331924439,0.0,1694.3566265106201,10.0,2123868.0,420.23723738422393,glove-100-angular
nsg(faiss),FaissNSG,10,0.14126,0.1515,0.2893,0.1155052117546027,4105.335629440151,0.10657310485839844,0.25035142898559554,0.423214435577393,20.42580485343933,0.0,1694.3566265106201,10.0,2123868.0,517.3433287084579,glove-100-angular
nsg(faiss),FaissNSG,10,0.14126,0.1515,0.2893,0.11550521175077871,5278.2820978153095,0.0934600830078125,0.17261505126953125,0.30613660812377946,20.3271005153656,0.0,1694.3566265106201,10.0,2123868.0,402.3786452942848,glove-100-angular
pynndescent,"PyNNDescent(n_neighbors=40, pruning_mult=1.50, diversify_prob=0.500, epsilon=0.000, leaf_size=25)",10,0.50899,0.5445599999999999,0.82093,0.09346129833651548,12107.086548714356,0.07843971252441406,0.14210939407348616,0.20504236221313482,0.4222526550292996,0.0,655.1012868881226,10.0,3784260.0,312.5657014818192,glove-100-angular
pynndescent,"PyNNDescent(n_neighbors=40, pruning_mult=1.50, diversify_prob=0.500, epsilon=0.020, leaf_size=25)",10,0.57347,0.61308,0.8795299999999999,0.09159665354612721,10419.134842251226,0.08845329284667969,0.164031982421875,0.23555755615234375,0.5162107944488595,0.0,655.1012868881226,10.0,3784260.0,363.20290094089506,glove-100-angular
pynndescent,"PyNNDescent(n_neighbors=40, pruning_mult=1.50, diversify_prob=0.500, epsilon=0.040, leaf_size=25)",10,0.61615,0.65818,0.91166,0.09056418357445085,9399.973733975372,0.09846687316894531,0.1862049102783203,0.2639436721801761,0.4985356330871587,0.0,655.1012868881226,10.0,3784260.0,402.58197598171233,glove-100-angular
pynndescent,"PyNNDescent(n_neighbors=40, pruning_mult=1.50, diversify_prob=0.500, epsilon=0.060, leaf_size=25)",10,0.65699,0.70114,0.93969,0.0896445070727339,8169.123263797592,0.11420249938964844,0.22246837615966764,0.31090021133422857,0.49379110336304244,0.0,655.1012868881226,10.0,3784260.0,463.2394294710159,glove-100-angular
pynndescent,"PyNNDescent(n_neighbors=40, pruning_mult=1.50, diversify_prob=0.500, epsilon=0.080, leaf_size=25)",10,0.69431,0.73992,0.95954,0.08890578918962531,7141.31699905266,0.1304149627685547,0.2624988555908203,0.35525083541870134,0.5784096717834485,0.0,655.1012868881226,10.0,3784260.0,529.910659406662,glove-100-angular
pynndescent,"PyNNDescent(n_neighbors=40, pruning_mult=1.50, diversify_prob=0.500, epsilon=0.100, leaf_size=25)",10,0.73065,0.77738,0.97624,0.08825766151691651,6135.877153252979,0.14972686767578125,0.30995607376098616,0.41961908340454107,0.660430431365969,0.0,655.1012868881226,10.0,3784260.0,616.7431168327331,glove-100-angular
pynndescent,"PyNNDescent(n_neighbors=40, pruning_mult=1.50, diversify_prob=0.500, epsilon=0.120, leaf_size=25)",10,0.7649600000000001,0.8117599999999999,0.9869999999999999,0.08773636796798463,5262.373805967481,0.1723766326904297,0.36979913711547835,0.4973554611206058,0.8073968887329329,0.0,655.1012868881226,10.0,3784260.0,719.116531727314,glove-100-angular
pynndescent,"PyNNDescent(n_neighbors=40, pruning_mult=1.50, diversify_prob=0.500, epsilon=0.140, leaf_size=25)",10,0.79562,0.8417999999999999,0.9925599999999999,0.0873482912548291,4484.515376528183,0.2009868621826172,0.45680999755859375,0.6022739410400397,0.9124307632446295,0.0,655.1012868881226,10.0,3784260.0,843.8503789744376,glove-100-angular
pynndescent,"PyNNDescent(n_neighbors=40, pruning_mult=1.50, diversify_prob=0.500, epsilon=0.160, leaf_size=25)",10,0.82309,0.8680199999999999,0.99556,0.08705221529220485,3830.3712359786973,0.23102760314941406,0.5455136299133299,0.7326626777648926,1.3137133121490534,0.0,655.1012868881226,10.0,3784260.0,987.9616796550752,glove-100-angular
pynndescent,"PyNNDescent(n_neighbors=80, pruning_mult=2.00, diversify_prob=1.000, epsilon=0.000, leaf_size=20)",10,0.5660700000000001,0.6064499999999999,0.89666,0.09110906325725943,10699.973468846303,0.08797645568847656,0.18358230590820312,0.2951693534851076,0.48637557029724154,0.0,1479.5543355941772,10.0,3363992.0,314.39255525207517,glove-100-angular
pynndescent,"PyNNDescent(n_neighbors=80, pruning_mult=2.00, diversify_prob=1.000, epsilon=0.020, leaf_size=20)",10,0.63125,0.67588,0.94422,0.08962003071543015,8707.293189268592,0.1049041748046875,0.22221803665161116,0.3419017791748049,0.5781712532043469,0.0,1479.5543355941772,10.0,3363992.0,386.3418776510239,glove-100-angular
pynndescent,"PyNNDescent(n_neighbors=80, pruning_mult=2.00, diversify_prob=1.000, epsilon=0.040, leaf_size=20)",10,0.6737,0.72051,0.9663299999999999,0.088853699055577,7998.421027038005,0.1163482666015625,0.25464296340942366,0.3750324249267578,0.6523363590240525,0.0,1479.5543355941772,10.0,3363992.0,420.58201095294953,glove-100-angular
pynndescent,"PyNNDescent(n_neighbors=80, pruning_mult=2.00, diversify_prob=1.000, epsilon=0.080, leaf_size=20)",10,0.74917,0.79796,0.9909700000000001,0.08770425509571683,6060.603958845211,0.15544891357421875,0.3581285476684567,0.5154752731323246,0.8640608787536687,0.0,1479.5543355941772,10.0,3363992.0,555.0588724891662,glove-100-angular
pynndescent,"PyNNDescent(n_neighbors=80, pruning_mult=2.00, diversify_prob=1.000, epsilon=0.120, leaf_size=20)",10,0.81619,0.86396,0.9984299999999999,0.0869579690507453,4527.953009429313,0.20575523376464844,0.5011796951293942,0.681889057159424,1.0381040573120177,0.0,1479.5543355941772,10.0,3363992.0,742.9388054590225,glove-100-angular
pynndescent,"PyNNDescent(n_neighbors=80, pruning_mult=2.00, diversify_prob=1.000, epsilon=0.160, leaf_size=20)",10,0.87002,0.9137700000000001,0.9995100000000001,0.08651835522497374,3216.1659746481128,0.2758502960205078,0.742697715759277,1.0307574272155777,1.475122451782232,0.0,1479.5543355941772,10.0,3363992.0,1045.9634317747116,glove-100-angular
pynndescent,"PyNNDescent(n_neighbors=80, pruning_mult=2.00, diversify_prob=1.000, epsilon=0.200, leaf_size=20)",10,0.9132300000000001,0.9518000000000001,0.9999,0.08621594834124632,2204.2263739325663,0.38230419158935547,1.1942505836486814,1.6830158233642583,2.4357078075408984,0.0,1479.5543355941772,10.0,3363992.0,1526.155407531166,glove-100-angular
pynndescent,"PyNNDescent(n_neighbors=80, pruning_mult=2.00, diversify_prob=1.000, epsilon=0.240, leaf_size=20)",10,0.9465899999999999,0.9766999999999999,0.9999,0.08602171603826163,1404.9537140830305,0.5326271057128906,1.9289255142211896,2.698538303375247,3.8337748050689706,0.0,1479.5543355941772,10.0,3363992.0,2394.379235614586,glove-100-angular
redisearch,"Redisearch(M=16, ef=10)",10,0.49366000000000004,0.52914,0.82635,0.09315566726750799,4653.050067361164,0.19407272338867188,0.42320489883422835,15.264863967895542,21.406541347503687,0.0,1882.808035850525,10.0,1072.0,0.23038651733398438,glove-100-angular
redisearch,"Redisearch(M=16, ef=120)",10,0.8491899999999999,0.88947,0.99914,0.08674959004281534,1710.8378782073694,0.5600452423095703,0.956308841705322,1.2669610977172852,1.6479706764221236,0.0,1882.808035850525,10.0,1072.0,0.6265935619354248,glove-100-angular
redisearch,"Redisearch(M=16, ef=20)",10,0.62269,0.66438,0.92843,0.08997461898307173,4003.7537482355974,0.2262592315673828,0.4115104675292969,0.6392073631286622,0.9465355873107938,0.0,1882.808035850525,10.0,1072.0,0.26774873466491705,glove-100-angular
redisearch,"Redisearch(M=16, ef=200)",10,0.8889699999999999,0.9259000000000001,0.9994799999999999,0.08642789610389542,1294.4062341788901,0.7388591766357422,1.138937473297119,1.427202224731446,1.932446241378797,0.0,1882.808035850525,10.0,1072.0,0.8281789531707763,glove-100-angular
redisearch,"Redisearch(M=16, ef=40)",10,0.72927,0.7725799999999999,0.98109,0.08814154098540887,3163.8004189431076,0.29969215393066406,0.5390763282775877,0.7555484771728516,1.1005411148071291,0.0,1882.808035850525,10.0,1072.0,0.33883300399780275,glove-100-angular
redisearch,"Redisearch(M=16, ef=400)",10,0.93285,0.9636100000000001,0.9999,0.08611162738782287,750.2478554107786,1.3115406036376953,2.0683050155639644,2.5847220420837407,3.3245103359222417,0.0,1882.808035850525,10.0,1072.0,1.4288611320495603,glove-100-angular
redisearch,"Redisearch(M=16, ef=600)",10,0.95221,0.9782400000000001,1.0,0.08599517305015152,522.4119598807229,2.002716064453125,2.909743785858153,3.471157550811768,4.291562557220464,0.0,1882.808035850525,10.0,1072.0,2.0520204021453856,glove-100-angular
redisearch,"Redisearch(M=16, ef=80)",10,0.81089,0.85247,0.99657,0.08713980830537932,2193.4599154904517,0.4267692565917969,0.7696151733398438,1.106264591217041,1.674672603607182,0.0,1882.808035850525,10.0,1072.0,0.4887255939483643,glove-100-angular
redisearch,"Redisearch(M=16, ef=800)",10,0.9632099999999999,0.98546,1.0,0.08593528590377053,426.20618328118593,2.3909807205200195,3.5543680191040035,4.2730426788330105,5.3773672580719145,0.0,1882.808035850525,10.0,1072.0,2.5152145652770996,glove-100-angular
redisearch,"Redisearch(M=36, ef=10)",10,0.61029,0.6547799999999999,0.9511499999999999,0.089530904130612,4541.828355154331,0.20587444305419922,0.3795742988586424,0.5388450622558598,0.9384319782257113,0.0,8812.19329047203,10.0,1012.0,0.22281775550842284,glove-100-angular
redisearch,"Redisearch(M=36, ef=120)",10,0.91814,0.9526,1.0,0.08616638057573967,1476.505393905657,0.6434917449951172,1.1026859283447266,1.5540552139282235,2.282862901687623,0.0,8812.19329047203,10.0,1012.0,0.6854021693229675,glove-100-angular
redisearch,"Redisearch(M=36, ef=20)",10,0.72688,0.77401,0.99193,0.08785757364157057,3526.880338865414,0.27680397033691406,0.5198001861572259,14.938440322875978,21.797108411788972,0.0,8812.19329047203,10.0,1012.0,0.28693913679122923,glove-100-angular
redisearch,"Redisearch(M=36, ef=200)",10,0.94938,0.9768800000000001,1.0,0.08598577945025797,1011.9174682608094,0.962376594543457,1.5385389328002925,2.031819820404053,2.793809175491337,0.0,8812.19329047203,10.0,1012.0,1.0000815597534178,glove-100-angular
redisearch,"Redisearch(M=36, ef=40)",10,0.81705,0.86137,0.99939,0.08693095300513724,2556.0785162606976,0.3561973571777344,0.6289720535278317,0.8335494995117196,1.2843627929687504,0.0,8812.19329047203,10.0,1012.0,0.39591898040771484,glove-100-angular
redisearch,"Redisearch(M=36, ef=400)",10,0.9784900000000001,0.9939,1.0,0.08583945958191697,558.7182286340535,1.8099546432495117,3.0516028404235827,3.636856079101563,4.700434684753421,0.0,8812.19329047203,10.0,1012.0,1.8112886749267576,glove-100-angular
redisearch,"Redisearch(M=36, ef=600)",10,0.98838,0.99746,1.0,0.08579470971115981,401.9637409366813,2.485513687133789,3.693687915802,4.6515893936157235,6.3389577865600835,0.0,8812.19329047203,10.0,1012.0,2.517640018081665,glove-100-angular
redisearch,"Redisearch(M=36, ef=80)",10,0.8863300000000001,0.92512,0.99992,0.08638579319720004,1944.733691409175,0.48732757568359375,0.7577180862426754,1.0290408134460456,1.4653255939483654,0.0,8812.19329047203,10.0,1012.0,0.5203797334671021,glove-100-angular
redisearch,"Redisearch(M=36, ef=800)",10,0.99289,0.9986599999999999,1.0,0.08577342217564941,306.45347156222925,3.318309783935547,5.417430400848388,6.588258743286134,8.211968898773218,0.0,8812.19329047203,10.0,1012.0,3.3022957607269285,glove-100-angular
scann,scann n_leaves=1000 avq_threshold=0.20 dims_per_block=1,10,0.8126,0.85828,0.99853,0.0871685722137056,11720.025148445686,0.07843971252441406,0.11086463928222656,0.2322411537170415,0.827809810638432,0.0,89.23363399505615,10.0,583444.0,49.7818044424057,glove-100-angular
scann,scann n_leaves=1000 avq_threshold=0.20 dims_per_block=1,10,0.82143,0.86677,0.99875,0.08708539910552002,11064.4880473148,0.08487701416015625,0.12230873107910156,0.23533105850219752,0.6077516078949021,0.0,89.23363399505615,10.0,583444.0,52.731224210739136,glove-100-angular
scann,scann n_leaves=1000 avq_threshold=0.20 dims_per_block=1,10,0.8300700000000001,0.8746499999999999,0.99903,0.08700399501868178,10271.330567409477,0.08916854858398438,0.1373291015625,0.2727651596069339,0.7469737529754655,0.0,89.23363399505615,10.0,583444.0,56.80315672550201,glove-100-angular
scann,scann n_leaves=1000 avq_threshold=0.20 dims_per_block=1,10,0.83694,0.8811500000000001,0.99917,0.08693662790849431,9709.482054964556,0.09512901306152344,0.1475811004638672,0.27943611145019553,0.8273153305053716,0.0,89.23363399505615,10.0,583444.0,60.09012599201203,glove-100-angular
scann,scann n_leaves=1000 avq_threshold=0.20 dims_per_block=1,10,0.8442700000000001,0.8879300000000001,0.99924,0.08687113184044332,9351.46890360302,0.09846687316894531,0.14328956604003906,0.27061223983764665,0.8232855796814018,0.0,89.23363399505615,10.0,583444.0,62.39062611598969,glove-100-angular
scann,scann n_leaves=1000 avq_threshold=0.20 dims_per_block=1,10,0.85074,0.89399,0.9993399999999999,0.08681465585818414,9034.11736781184,0.10561943054199219,0.17118453979492188,0.28420686721801786,0.7777237892150883,0.0,89.23363399505615,10.0,583444.0,64.58229135684967,glove-100-angular
scann,scann n_leaves=1000 avq_threshold=0.20 dims_per_block=1,10,0.8562,0.89923,0.9994099999999999,0.08676968923934268,8624.853075563371,0.10943412780761719,0.16188621520996094,0.244140625,0.5681684017181431,0.0,89.23363399505615,10.0,583444.0,67.64683350410462,glove-100-angular
scann,scann n_leaves=1000 avq_threshold=0.20 dims_per_block=1,10,0.42179,0.45536000000000004,0.81936,0.09346424026807561,27772.782923823732,0.03314018249511719,0.058650970458984375,0.09441375732421875,0.28348374366760337,0.0,89.23363399505615,10.0,583444.0,21.00776150522232,glove-100-angular
scann,scann n_leaves=1000 avq_threshold=0.20 dims_per_block=1,10,0.87117,0.91279,0.99956,0.08663839003530306,7751.984060976376,0.125885009765625,0.2040863037109375,0.3471469879150393,0.9248361587524435,0.0,89.23363399505615,10.0,583444.0,75.26382864189148,glove-100-angular
scann,scann n_leaves=1000 avq_threshold=0.20 dims_per_block=1,10,0.87117,0.91281,0.99956,0.08663832167844626,7350.134024202865,0.1264810562133789,0.20432472229003906,0.35191297531127946,0.913878917694096,0.0,89.23363399505615,10.0,583444.0,79.37868861694336,glove-100-angular
scann,scann n_leaves=1000 avq_threshold=0.20 dims_per_block=1,10,0.8894,0.92897,0.99968,0.08649147628950996,6260.986907216034,0.15163421630859375,0.23698806762695312,0.387680530548096,0.872929334640519,0.0,89.23363399505615,10.0,583444.0,93.18722569561004,glove-100-angular
scann,scann n_leaves=1000 avq_threshold=0.20 dims_per_block=1,10,0.8894,0.92897,0.99968,0.08649145477798206,6118.886571738892,0.1518726348876953,0.24462938308715804,0.4029679298400888,0.9162776470184397,0.0,89.23363399505615,10.0,583444.0,95.35133445596693,glove-100-angular
scann,scann n_leaves=1000 avq_threshold=0.20 dims_per_block=1,10,0.55816,0.60014,0.93521,0.09056570535867532,25689.73532425581,0.03528594970703125,0.05412101745605469,0.09942293167114263,0.33355069160461487,0.0,89.23363399505615,10.0,583444.0,22.71117209405899,glove-100-angular
scann,scann n_leaves=1000 avq_threshold=0.20 dims_per_block=1,10,0.9027900000000001,0.94034,0.9997299999999999,0.08639201435200788,5511.4632491939055,0.1678466796875,0.2715706825256346,0.4322838783264167,0.9870681762695344,0.0,89.23363399505615,10.0,583444.0,105.86009079990386,glove-100-angular
scann,scann n_leaves=1000 avq_threshold=0.20 dims_per_block=1,10,0.92316,0.95738,0.99979,0.08624088304516177,4265.4317811229375,0.22029876708984375,0.34236907958984375,0.49472093582153326,1.036468982696546,0.0,89.23363399505615,10.0,583444.0,136.78427646694183,glove-100-angular
scann,scann n_leaves=1000 avq_threshold=0.20 dims_per_block=1,10,0.67854,0.72566,0.98506,0.08869481875739621,19935.58714937013,0.04601478576660156,0.07295608520507812,0.12469530105590826,0.2942183017730733,0.0,89.23363399505615,10.0,583444.0,29.26645679550171,glove-100-angular
scann,scann n_leaves=1000 avq_threshold=0.20 dims_per_block=1,10,0.93704,0.96818,0.9998100000000001,0.08614323138019424,3604.917631367764,0.2613067626953125,0.38958787918090804,0.5393075942993165,0.8773818016052249,0.0,89.23363399505615,10.0,583444.0,161.84669378385544,glove-100-angular
scann,scann n_leaves=1000 avq_threshold=0.20 dims_per_block=1,10,0.94744,0.97553,0.99982,0.08607301173805232,3030.7751682612247,0.31375885009765625,0.48161745071411116,0.7312393188476565,1.5807933807373207,0.0,89.23363399505615,10.0,583444.0,192.5065264193535,glove-100-angular
scann,scann n_leaves=1000 avq_threshold=0.20 dims_per_block=1,10,0.9551299999999999,0.9803499999999999,0.9998400000000001,0.08602350513683699,2655.626376271691,0.354766845703125,0.5426406860351562,0.8339977264404299,1.7559621334075948,0.0,89.23363399505615,10.0,583444.0,219.7010864228249,glove-100-angular
scann,scann n_leaves=1000 avq_threshold=0.20 dims_per_block=1,10,0.77422,0.8215,0.9974500000000001,0.08755854945570951,13996.297289973985,0.06580352783203125,0.09703636169433594,0.229861736297608,0.9098238945007362,0.0,89.23363399505615,10.0,583444.0,41.68559640541076,glove-100-angular
scann,scann n_leaves=1000 avq_threshold=0.20 dims_per_block=1,10,0.7884,0.83567,0.99793,0.08740573448640371,13266.84575926627,0.07104873657226562,0.11110305786132812,0.22483825683593772,0.7229139804840147,0.0,89.23363399505615,10.0,583444.0,43.9775972817421,glove-100-angular
SW-graph(nmslib),"Nmslib(method_name=sw-graph, index_param=['NN=30'])",10,0.9053599999999999,0.9412100000000001,0.9996499999999999,0.0863239509223609,517.6367111954595,1.7571449279785156,4.059803485870361,5.9523844718933105,8.394823074340842,0.0,1684.6553592681885,10.0,1518608.0,2933.733190006638,glove-100-angular
SW-graph(nmslib),"Nmslib(method_name=sw-graph, index_param=['NN=30'])",10,0.91753,0.9518700000000001,0.9998900000000001,0.0862350259665992,448.858097975924,2.0759105682373047,4.707157611846923,6.783487796783448,9.925166368484506,0.0,1684.6553592681885,10.0,1518608.0,3383.2696944713593,glove-100-angular
SW-graph(nmslib),"Nmslib(method_name=sw-graph, index_param=['NN=30'])",10,0.9331099999999999,0.96426,1.0,0.08612967423498347,360.6596759538286,2.494215965270996,5.620265007019039,8.087933063507082,11.49467563629156,0.0,1684.6553592681885,10.0,1518608.0,4210.639839299393,glove-100-angular
SW-graph(nmslib),"Nmslib(method_name=sw-graph, index_param=['NN=30'])",10,0.9477,0.9754099999999999,1.0,0.08603897185877488,267.1605232374273,3.3446550369262695,7.41584300994873,10.365226268768314,15.063410282135035,0.0,1684.6553592681885,10.0,1518608.0,5684.252978687286,glove-100-angular
SW-graph(nmslib),"Nmslib(method_name=sw-graph, index_param=['NN=30'])",10,0.79654,0.8382,0.98827,0.0874392009579613,1282.5994872175627,0.7474422454833984,1.842987537384033,2.698667049407959,4.284323692321814,0.0,1684.6553592681885,10.0,1518608.0,1184.0079581619261,glove-100-angular
SW-graph(nmslib),"Nmslib(method_name=sw-graph, index_param=['NN=30'])",10,0.95717,0.9819599999999999,1.0,0.08598351376379733,218.50514978111815,4.221677780151367,9.082233905792235,12.419967651367188,16.794221162796024,0.0,1684.6553592681885,10.0,1518608.0,6949.987226942825,glove-100-angular
SW-graph(nmslib),"Nmslib(method_name=sw-graph, index_param=['NN=30'])",10,0.966,0.9876799999999999,1.0,0.08593289785048742,167.52081779572873,5.434274673461914,11.310827732086182,15.449852943420412,20.910754919052128,0.0,1684.6553592681885,10.0,1518608.0,9065.189747651291,glove-100-angular
SW-graph(nmslib),"Nmslib(method_name=sw-graph, index_param=['NN=30'])",10,0.84378,0.8834899999999999,0.9960800000000001,0.08688243802045907,918.3570762374463,0.9495019912719727,2.2285342216491695,3.27141046524048,4.6954419612884575,0.0,1684.6553592681885,10.0,1518608.0,1653.6138712207794,glove-100-angular
SW-graph(nmslib),"Nmslib(method_name=sw-graph, index_param=['NN=30'])",10,0.9723200000000001,0.99109,1.0,0.08589797400132224,130.6751640284389,7.138729095458984,15.100097656249995,20.10040521621704,26.538647890091095,0.0,1684.6553592681885,10.0,1518608.0,11621.244260841368,glove-100-angular
SW-graph(nmslib),"Nmslib(method_name=sw-graph, index_param=['NN=30'])",10,0.97689,0.9931599999999999,1.0,0.08587078723657315,108.58299318672464,8.632898330688477,18.251872062683105,24.314272403717048,31.06192612648016,0.0,1684.6553592681885,10.0,1518608.0,13985.689244986343,glove-100-angular
SW-graph(nmslib),"Nmslib(method_name=sw-graph, index_param=['NN=30'])",10,0.9787000000000001,0.99391,1.0,0.08586074980568549,100.67723504508825,9.238123893737793,18.99341344833373,25.375709533691406,33.641398429870904,0.0,1684.6553592681885,10.0,1518608.0,15083.926364484405,glove-100-angular
SW-graph(nmslib),"Nmslib(method_name=sw-graph, index_param=['NN=30'])",10,0.8795999999999999,0.9174200000000001,0.99889,0.08653332988556331,664.5015372653226,1.3287067413330078,3.0411005020141593,4.3409156799316415,6.1607422828674325,0.0,1684.6553592681885,10.0,1518608.0,2285.334065967178,glove-100-angular
weaviate,"Weaviate(ef=128, maxConnections=40, efConstruction=128)",10,0.89908,0.9352199999999999,0.9996,0.08632930197911087,339.4112129420205,2.944469451904297,4.843509197235104,5.934238433837891,7.372860670089723,0.0,3444.164318561554,10.0,-295424.0,-870.4014149658204,glove-100-angular
weaviate,"Weaviate(ef=16, maxConnections=40, efConstruction=128)",10,0.67146,0.71659,0.96067,0.0889899390478053,764.3816949283633,1.1641979217529297,2.1414756774902344,2.821688652038574,10.982485532761002,0.0,3444.164318561554,10.0,-295424.0,-386.4875388305664,glove-100-angular
weaviate,"Weaviate(ef=256, maxConnections=40, efConstruction=128)",10,0.94202,0.97105,1.0,0.08604358620387387,204.56760899867388,5.02777099609375,8.522772789001465,10.764284133911136,22.82440280914309,0.0,3444.164318561554,10.0,-295424.0,-1444.1386954956056,glove-100-angular
weaviate,"Weaviate(ef=32, maxConnections=40, efConstruction=128)",10,0.76891,0.81318,0.99078,0.0876061846408577,746.3113955216198,1.3666152954101562,2.162754535675048,2.843868732452393,4.050267696380618,0.0,3444.164318561554,10.0,-295424.0,-395.84548992919923,glove-100-angular
weaviate,"Weaviate(ef=48, maxConnections=40, efConstruction=128)",10,0.81663,0.85922,0.9970399999999999,0.08705623150860994,587.8876230956429,1.6281604766845703,2.7790188789367676,3.703961372375491,18.615293502807628,0.0,3444.164318561554,10.0,-295424.0,-502.5178084960937,glove-100-angular
weaviate,"Weaviate(ef=512, maxConnections=40, efConstruction=128)",10,0.9704499999999999,0.98973,1.0,0.08588625010554363,115.7146308269381,8.567094802856445,13.518786430358883,17.402987480163578,27.062682867050174,0.0,3444.164318561554,10.0,-295424.0,-2553.0392992553707,glove-100-angular
weaviate,"Weaviate(ef=64, maxConnections=40, efConstruction=128)",10,0.8441000000000001,0.8854599999999999,0.99888,0.08677181503692283,516.4366459489288,1.8613338470458984,3.0746817588806112,4.2192959785461435,18.707822561264052,0.0,3444.164318561554,10.0,-295424.0,-572.0430614624023,glove-100-angular
weaviate,"Weaviate(ef=768, maxConnections=40, efConstruction=128)",10,0.98159,0.99508,1.0,0.08583274672002524,80.89892084013138,12.286543846130371,19.420325756072987,24.365301132202152,34.558441400528224,0.0,3444.164318561554,10.0,-295424.0,-3651.7668830688476,glove-100-angular
weaviate,"Weaviate(ef=96, maxConnections=40, efConstruction=128)",10,0.87809,0.91683,0.9995799999999999,0.08648592222833393,393.70046072005545,2.448439598083496,4.044783115386963,5.070278644561769,6.807175397872943,0.0,3444.164318561554,10.0,-295424.0,-750.3775826416015,glove-100-angular
weaviate,"Weaviate(ef=128, maxConnections=48, efConstruction=64)",10,0.86396,0.90402,0.99868,0.08667361141044841,390.53235319983105,2.703428268432617,3.8668155670165993,4.518275260925293,5.634089231491093,0.0,1678.1572439670563,10.0,-11520.0,-29.498196258544922,glove-100-angular
weaviate,"Weaviate(ef=16, maxConnections=48, efConstruction=64)",10,0.61839,0.65963,0.91029,0.09049237102164165,942.1656450653372,1.3114213943481445,4.271197319030759,60.26125907897949,80.91060900688306,0.0,1678.1572439670563,10.0,-11520.0,-12.227149291992188,glove-100-angular
weaviate,"Weaviate(ef=256, maxConnections=48, efConstruction=64)",10,0.91074,0.94622,0.99977,0.0862864849135076,231.83042200337286,4.303932189941406,6.0036420822143555,7.114481925964357,22.446746826171946,0.0,1678.1572439670563,10.0,-11520.0,-49.691493896484374,glove-100-angular
weaviate,"Weaviate(ef=32, maxConnections=48, efConstruction=64)",10,0.722,0.7655000000000001,0.96914,0.08849268290066217,744.224736031405,1.2738704681396484,1.9929528236389158,2.9486203193664573,19.632480859756548,0.0,1678.1572439670563,10.0,-11520.0,-15.479195251464843,glove-100-angular
weaviate,"Weaviate(ef=48, maxConnections=48, efConstruction=64)",10,0.7718200000000001,0.8150999999999999,0.9863,0.08773569984706782,645.9318773907488,1.5331506729125977,2.2706985473632812,2.9275965690612806,19.587315082550155,0.0,1678.1572439670563,10.0,-11520.0,-17.83469805908203,glove-100-angular
weaviate,"Weaviate(ef=512, maxConnections=48, efConstruction=64)",10,0.94686,0.9748300000000001,0.99997,0.0860455008303718,139.45265296524738,7.4920654296875,10.302591323852539,11.437907218933105,26.230937957763697,0.0,1678.1572439670563,10.0,-11520.0,-82.60868298339844,glove-100-angular
weaviate,"Weaviate(ef=64, maxConnections=48, efConstruction=64)",10,0.80203,0.84501,0.9930300000000001,0.08731751081775914,568.1052707015715,1.714468002319336,2.471280097961425,3.0799770355224627,17.95679759979254,0.0,1678.1572439670563,10.0,-11520.0,-20.2779319152832,glove-100-angular
weaviate,"Weaviate(ef=768, maxConnections=48, efConstruction=64)",10,0.9618399999999999,0.9846999999999999,1.0,0.08595804387550801,98.06363354638698,10.524272918701172,14.42791223526001,16.011781692504883,28.338112831115804,0.0,1678.1572439670563,10.0,-11520.0,-117.47474148559569,glove-100-angular
weaviate,"Weaviate(ef=96, maxConnections=48, efConstruction=64)",10,0.8399800000000001,0.8815500000000001,0.9973599999999999,0.08689291352761941,455.15988176901544,2.2025108337402344,3.2060623168945304,4.127385616302492,19.97092294692999,0.0,1678.1572439670563,10.0,-11520.0,-25.309787750244144,glove-100-angular
weaviate,"Weaviate(ef=128, maxConnections=64, efConstruction=128)",10,0.91127,0.9465299999999999,1.0,0.08623112351442665,132.65297809083327,4.223108291625977,15.8382773399353,19.19304370880127,24.95467591285708,0.0,4391.318613290787,10.0,-375388.0,-2829.8497734664916,glove-100-angular
weaviate,"Weaviate(ef=16, maxConnections=64, efConstruction=128)",10,0.6920200000000001,0.73844,0.97026,0.08859251180725061,722.2957572625672,1.7639398574829102,4.493761062622069,7.0264506340026855,11.304266452789332,0.0,4391.318613290787,10.0,-375388.0,-519.7150837804795,glove-100-angular
weaviate,"Weaviate(ef=256, maxConnections=64, efConstruction=128)",10,0.95052,0.9773400000000001,1.0,0.08599095592264228,80.27370684005531,15.179276466369629,19.861745834350582,27.913451194763187,54.88738036155717,0.0,4391.318613290787,10.0,-375388.0,-4676.350635556889,glove-100-angular
weaviate,"Weaviate(ef=32, maxConnections=64, efConstruction=128)",10,0.78632,0.8307,0.9939600000000001,0.08734256063963029,559.5634387417166,1.6398429870605469,3.0332207679748526,3.9797043800354013,5.673480749130264,0.0,4391.318613290787,10.0,-375388.0,-670.8586980667113,glove-100-angular
weaviate,"Weaviate(ef=48, maxConnections=64, efConstruction=128)",10,0.83163,0.87431,0.9981199999999999,0.08687933207196619,556.0987607016227,1.7197132110595703,3.0682325363159175,4.105818271636964,6.5725376605987655,0.0,4391.318613290787,10.0,-375388.0,-675.0383682322503,glove-100-angular
weaviate,"Weaviate(ef=512, maxConnections=64, efConstruction=128)",10,0.97686,0.99297,1.0,0.08585413774664519,47.2001243877332,20.591378211975098,35.12760400772093,41.12460851669312,72.91274476051332,0.0,4391.318613290787,10.0,-375388.0,-7953.114634112263,glove-100-angular
weaviate,"Weaviate(ef=64, maxConnections=64, efConstruction=128)",10,0.8581300000000001,0.89922,0.99916,0.08663344913167798,501.71761833511243,1.992344856262207,3.2349228858947745,4.641039371490484,19.108939647674642,0.0,4391.318613290787,10.0,-375388.0,-748.2057362180711,glove-100-angular
weaviate,"Weaviate(ef=768, maxConnections=64, efConstruction=128)",10,0.98586,0.99651,1.0,0.08580959600202352,36.57988607532702,25.75516700744629,39.96686935424805,55.299739837646506,80.45449042320254,0.0,4391.318613290787,10.0,-375388.0,-10262.142403259086,glove-100-angular
weaviate,"Weaviate(ef=96, maxConnections=64, efConstruction=128)",10,0.8913,0.92932,0.99993,0.08636575105886277,365.2692348603087,3.391265869140625,14.88288640975952,19.2897367477417,52.66180086135872,0.0,4391.318613290787,10.0,-375388.0,-1027.7022102437975,glove-100-angular
weaviate,"Weaviate(ef=128, maxConnections=8, efConstruction=128)",10,0.71427,0.75612,0.9612299999999999,0.08892009805509749,573.1392283987094,1.6064643859863281,2.729511260986327,3.699672222137454,19.149491548538247,0.0,1732.2696418762207,10.0,2300.0,4.012986524105072,glove-100-angular
weaviate,"Weaviate(ef=16, maxConnections=8, efConstruction=128)",10,0.3759,0.40187999999999996,0.6527999999999999,0.09947057901559246,1240.4367381267919,0.7488727569580078,1.3654232025146484,3.1712150573730575,20.493395566940332,0.0,1732.2696418762207,10.0,2300.0,1.8541856503486631,glove-100-angular
weaviate,"Weaviate(ef=256, maxConnections=8, efConstruction=128)",10,0.7898799999999999,0.8328900000000001,0.99032,0.08761731192688202,375.2284240999138,2.478361129760742,4.007148742675777,5.36113739013672,20.787510871887214,0.0,1732.2696418762207,10.0,2300.0,6.129599604606629,glove-100-angular
weaviate,"Weaviate(ef=32, maxConnections=8, efConstruction=128)",10,0.50197,0.53608,0.79128,0.0945882071470127,1024.4429915592407,0.8852481842041016,1.5466809272766104,2.3446702957153436,80.45557165145875,0.0,1732.2696418762207,10.0,2300.0,2.2451224899291993,glove-100-angular
weaviate,"Weaviate(ef=48, maxConnections=8, efConstruction=128)",10,0.5716,0.60903,0.8588800000000001,0.0923798453178738,848.0239875132363,1.0745525360107422,1.657056808471679,2.2497344017028813,16.78093314170839,0.0,1732.2696418762207,10.0,2300.0,2.712187430858612,glove-100-angular
weaviate,"Weaviate(ef=512, maxConnections=8, efConstruction=128)",10,0.84695,0.88892,0.9980600000000001,0.08692848512134937,230.56408158162225,4.2133331298828125,6.154119968414306,8.574595451355,21.03720784187319,0.0,1732.2696418762207,10.0,2300.0,9.975534715652465,glove-100-angular
weaviate,"Weaviate(ef=64, maxConnections=8, efConstruction=128)",10,0.61858,0.65811,0.8983599999999999,0.09107277139499365,749.1036367274288,1.1811256408691406,2.1165609359741193,3.369748592376713,17.674870014190713,0.0,1732.2696418762207,10.0,2300.0,3.070336182117462,glove-100-angular
weaviate,"Weaviate(ef=768, maxConnections=8, efConstruction=128)",10,0.8728,0.91441,0.9990600000000001,0.08667859734809905,167.08870304249422,5.843639373779297,8.449435234069822,11.121547222137451,22.847054958343527,0.0,1732.2696418762207,10.0,2300.0,13.765143651962282,glove-100-angular
weaviate,"Weaviate(ef=96, maxConnections=8, efConstruction=128)",10,0.67793,0.71935,0.94146,0.08964036827891428,667.1407359581387,1.3568401336669922,2.1879911422729488,2.981488704681398,18.277400255203297,0.0,1732.2696418762207,10.0,2300.0,3.447548434734345,glove-100-angular
weaviate,"Weaviate(ef=128, maxConnections=8, efConstruction=256)",10,0.73751,0.77888,0.9728199999999999,0.08841173927731599,613.7248397455103,1.5208721160888672,2.4967193603515625,3.4728145599365234,18.235341548919752,0.0,2666.078665971756,10.0,-8024.0,-13.074263057899474,glove-100-angular
weaviate,"Weaviate(ef=16, maxConnections=8, efConstruction=256)",10,0.39998,0.4276,0.68755,0.09822180787078823,1252.2326729265005,0.7088184356689453,1.4534592628478995,3.110179901123047,58.918781280517834,0.0,2666.078665971756,10.0,-8024.0,-6.407754863357543,glove-100-angular
weaviate,"Weaviate(ef=256, maxConnections=8, efConstruction=256)",10,0.80953,0.85093,0.9934799999999999,0.08733260835184856,391.97294965881713,2.3956298828125,3.860104084014891,5.272741317749026,19.562105417251704,0.0,2666.078665971756,10.0,-8024.0,-20.470800362586974,glove-100-angular
weaviate,"Weaviate(ef=32, maxConnections=8, efConstruction=256)",10,0.52579,0.56077,0.8199799999999999,0.09358783395329058,1068.843381478511,0.8265972137451172,1.488733291625976,1.90044641494751,9.831994056701678,0.0,2666.078665971756,10.0,-8024.0,-7.50718032131195,glove-100-angular
weaviate,"Weaviate(ef=48, maxConnections=8, efConstruction=256)",10,0.59412,0.63202,0.88214,0.0915193950509164,954.8471096432432,0.9323358535766602,1.485371589660644,1.959111690521241,16.18494653701785,0.0,2666.078665971756,10.0,-8024.0,-8.403439586257933,glove-100-angular
weaviate,"Weaviate(ef=512, maxConnections=8, efConstruction=256)",10,0.86549,0.90493,0.99902,0.08670755647635424,240.7839462688177,4.123449325561523,6.943976879119872,8.200902938842773,10.314268112182626,0.0,2666.078665971756,10.0,-8024.0,-33.32448082332611,glove-100-angular
weaviate,"Weaviate(ef=64, maxConnections=8, efConstruction=256)",10,0.64133,0.68078,0.9179,0.0903613060945729,824.1153976589273,1.1490583419799805,2.130377292633055,2.923991680145264,16.760464191437034,0.0,2666.078665971756,10.0,-8024.0,-9.736500522613525,glove-100-angular
weaviate,"Weaviate(ef=768, maxConnections=8, efConstruction=256)",10,0.8909499999999999,0.92893,0.9998100000000001,0.08648918105655358,169.59156202017107,5.776882171630859,7.772719860076903,9.809496402740479,15.5173902511597,0.0,2666.078665971756,10.0,-8024.0,-47.313674715995795,glove-100-angular
weaviate,"Weaviate(ef=96, maxConnections=8, efConstruction=256)",10,0.7016600000000001,0.7428600000000001,0.9559,0.08906481057615313,666.5477858749183,1.4154911041259766,2.4942278861999494,3.3105921745300324,20.695834159851103,0.0,2666.078665971756,10.0,-8024.0,-12.03814665660858,glove-100-angular
